date,market,advancers,decliners,unchanged,ad_net,ad_line,new_high_52w,new_low_52w,above_ma20,above_ma60,above_ma120,above_ma200
2025-03-18,KOSDAQ,0,0,1703,0,0,0,0,,,,
2025-03-19,KOSDAQ,671,873,159,-202,-202,0,0,,,,
2025-03-20,KOSDAQ,438,1139,129,-701,-903,0,0,,,,
2025-03-21,KOSDAQ,551,1034,122,-483,-1386,0,0,,,,
2025-03-24,KOSDAQ,723,843,142,-120,-1506,0,0,,,,
2025-03-25,KOSDAQ,488,1110,110,-622,-2128,0,0,,,,
2025-03-26,KOSDAQ,901,662,145,239,-1889,0,0,,,,
2025-03-27,KOSDAQ,442,1155,111,-713,-2602,0,0,,,,
2025-03-28,KOSDAQ,309,1296,104,-987,-3589,0,0,,,,
2025-03-31,KOSDAQ,202,1424,83,-1222,-4811,0,0,,,,
2025-04-01,KOSDAQ,1395,225,89,1170,-3641,0,0,,,,
2025-04-02,KOSDAQ,493,1100,116,-607,-4248,0,0,,,,
2025-04-03,KOSDAQ,565,1007,138,-442,-4690,0,0,,,,
2025-04-04,KOSDAQ,976,619,115,357,-4333,0,0,,,,
2025-04-07,KOSDAQ,185,1462,63,-1277,-5610,0,0,,,,
2025-04-08,KOSDAQ,1046,541,123,505,-5105,0,0,,,,
2025-04-09,KOSDAQ,304,1313,93,-1009,-6114,0,0,,,,
2025-04-10,KOSDAQ,1550,90,70,1460,-4654,0,0,,,,
2025-04-11,KOSDAQ,1210,388,112,822,-3832,0,0,,,,
2025-04-14,KOSDAQ,1260,333,117,927,-2905,0,0,56.2537,,,
2025-04-15,KOSDAQ,1105,467,138,638,-2267,0,0,66.7645,,,
2025-04-16,KOSDAQ,425,1154,131,-729,-2996,0,0,61.0199,,,
2025-04-17,KOSDAQ,1181,397,132,784,-2212,0,0,69.2443,,,
2025-04-18,KOSDAQ,964,607,139,357,-1855,0,0,75.0585,,,
2025-04-21,KOSDAQ,699,857,154,-158,-2013,0,0,76.0539,,,
2025-04-22,KOSDAQ,679,887,144,-208,-2221,0,0,75.7026,,,
2025-04-23,KOSDAQ,1058,508,144,550,-1671,0,0,82.26,,,
2025-04-24,KOSDAQ,690,881,139,-191,-1862,0,0,81.1001,,,
2025-04-25,KOSDAQ,995,564,151,431,-1431,0,0,84.1428,,,
2025-04-28,KOSDAQ,431,1146,134,-715,-2146,0,0,77.0626,,,
2025-04-29,KOSDAQ,1040,536,136,504,-1642,0,0,79.9298,,,
2025-04-30,KOSDAQ,417,1160,135,-743,-2385,0,0,72.1053,,,
2025-05-02,KOSDAQ,726,845,141,-119,-2504,0,0,69.9415,,,
2025-05-07,KOSDAQ,930,651,131,279,-2225,0,0,70.3509,,,
2025-05-08,KOSDAQ,1011,553,149,458,-1767,0,0,70.4094,,,
2025-05-09,KOSDAQ,518,1051,146,-533,-2300,0,0,62.7485,,,
2025-05-12,KOSDAQ,1073,524,119,549,-1751,0,0,65.4971,,,
2025-05-13,KOSDAQ,841,722,153,119,-1632,0,0,63.4503,,,
2025-05-14,KOSDAQ,1024,554,138,470,-1162,0,0,66.6667,,,
2025-05-15,KOSDAQ,501,1087,129,-586,-1748,0,0,57.9532,,,
2025-05-16,KOSDAQ,456,1156,106,-700,-2448,0,0,45.9064,,,
2025-05-19,KOSDAQ,431,1189,99,-758,-3206,0,0,37.4269,,,
2025-05-20,KOSDAQ,928,656,136,272,-2934,0,0,39.7661,,,
2025-05-21,KOSDAQ,968,611,141,357,-2577,0,0,43.8596,,,
2025-05-22,KOSDAQ,491,1107,122,-616,-3193,0,0,38.4795,,,
2025-05-23,KOSDAQ,591,1005,125,-414,-3607,0,0,36.7836,,,
2025-05-26,KOSDAQ,933,642,146,291,-3316,0,0,39.7076,,,
2025-05-27,KOSDAQ,594,1001,126,-407,-3723,0,0,38.4211,,,
2025-05-28,KOSDAQ,978,606,137,372,-3351,0,0,44.0678,,,
2025-05-29,KOSDAQ,1095,492,135,603,-2748,0,0,49.2991,,,
2025-05-30,KOSDAQ,615,972,135,-357,-3105,0,0,48.6565,,,
2025-06-02,KOSDAQ,831,755,137,76,-3029,0,0,49.8248,,,
2025-06-04,KOSDAQ,1203,405,115,798,-2231,0,0,61.6822,,,
2025-06-05,KOSDAQ,993,598,132,395,-1836,0,0,67.1921,,,
2025-06-09,KOSDAQ,1071,538,114,533,-1303,0,0,71.5452,,,
2025-06-10,KOSDAQ,767,829,128,-62,-1365,0,0,71.6783,,,
2025-06-11,KOSDAQ,1080,502,143,578,-787,0,0,76.4569,,,
2025-06-12,KOSDAQ,751,832,142,-81,-868,0,0,76.9814,,,
2025-06-13,KOSDAQ,246,1396,83,-1150,-2018,0,0,61.4444,,,
2025-06-16,KOSDAQ,887,713,125,174,-1844,0,0,63.1548,67.7041,,
2025-06-17,KOSDAQ,641,938,147,-297,-2141,0,0,60.9075,67.4105,,
2025-06-18,KOSDAQ,881,706,139,175,-1966,0,0,62.1512,68.347,,
2025-06-19,KOSDAQ,707,878,141,-171,-2137,0,0,61.1047,68.1312,,
2025-06-20,KOSDAQ,932,657,137,275,-1862,0,0,65.5233,70.6089,,
2025-06-23,KOSDAQ,387,1254,85,-867,-2729,0,0,51.8303,64.2857,,
2025-06-24,KOSDAQ,1280,338,108,942,-1787,0,0,63.9744,69.6721,,
2025-06-25,KOSDAQ,686,900,140,-214,-2001,0,0,63.161,70.2576,,
2025-06-26,KOSDAQ,335,1288,103,-953,-2954,0,0,50.0291,65.828,,
2025-06-27,KOSDAQ,437,1175,114,-738,-3692,0,0,39.3148,61.4394,,
2025-06-30,KOSDAQ,699,898,129,-199,-3891,0,0,36.6434,59.1574,,
2025-07-01,KOSDAQ,964,627,135,337,-3554,0,0,41.1492,61.3224,,
2025-07-02,KOSDAQ,575,996,155,-421,-3975,0,0,36.7963,59.6491,,
2025-07-03,KOSDAQ,1175,434,117,741,-3234,0,0,46.8369,63.8012,,
2025-07-04,KOSDAQ,341,1268,119,-927,-4161,0,0,36.1579,59.9415,,
2025-07-07,KOSDAQ,616,977,136,-361,-4522,0,0,34.5708,57.3684,,
2025-07-08,KOSDAQ,952,624,153,328,-4194,0,0,37.913,57.076,,
2025-07-09,KOSDAQ,982,622,126,360,-3834,0,0,43.6522,58.655,,
2025-07-10,KOSDAQ,908,666,156,242,-3592,0,0,49.1594,58.7719,,
2025-07-11,KOSDAQ,857,697,176,160,-3432,0,0,52.4638,59.8246,,
2025-07-14,KOSDAQ,659,934,137,-275,-3707,0,0,49.6524,57.7193,,
2025-07-15,KOSDAQ,818,756,157,62,-3645,0,0,52.2596,58.3041,,
2025-07-16,KOSDAQ,530,1084,117,-554,-4199,0,0,47.7404,57.3099,,
2025-07-17,KOSDAQ,830,741,160,89,-4110,0,0,51.1587,59.5906,,
2025-07-18,KOSDAQ,631,962,138,-331,-4441,0,0,49.9421,59.0643,,
2025-07-21,KOSDAQ,810,791,130,19,-4422,0,0,51.6802,60.1754,,
2025-07-22,KOSDAQ,384,1238,111,-854,-5276,0,0,42.7578,54.9123,,
2025-07-23,KOSDAQ,565,1041,128,-476,-5752,0,0,40.9038,53.6257,,
2025-07-24,KOSDAQ,400,1232,102,-832,-6584,0,0,33.7775,48.9474,,
2025-07-25,KOSDAQ,643,942,150,-299,-6883,0,0,30.7648,47.5161,,
2025-07-28,KOSDAQ,485,1126,125,-641,-7524,0,0,27.2306,44.9182,,
2025-07-29,KOSDAQ,739,844,154,-105,-7629,0,0,27.0568,44.3341,,
2025-07-30,KOSDAQ,836,756,145,80,-7549,0,0,30.1854,45.9696,,
2025-07-31,KOSDAQ,827,764,146,63,-7486,0,0,31.5972,46.6706,,
2025-08-01,KOSDAQ,139,1527,71,-1388,-8874,0,0,16.3678,31.3485,,
2025-08-04,KOSDAQ,1165,442,130,723,-8151,0,0,18.6235,35.277,,
2025-08-05,KOSDAQ,1178,418,141,760,-7391,0,0,25.2601,39.3357,,
2025-08-06,KOSDAQ,979,582,177,397,-6994,0,0,27.9769,40.7343,,
2025-08-07,KOSDAQ,856,722,161,134,-6860,0,0,34.5087,42.0163,,
2025-08-08,KOSDAQ,806,777,156,29,-6831,0,0,37.7457,43.972,,
2025-08-11,KOSDAQ,684,939,116,-255,-7086,0,0,37.4928,42.5495,,
2025-08-12,KOSDAQ,579,1011,149,-432,-7518,0,0,35.4131,41.0704,,
2025-08-13,KOSDAQ,873,732,134,141,-7377,0,0,39.457,41.3953,,
2025-08-14,KOSDAQ,724,871,146,-147,-7524,0,0,41.4211,40.3488,,
2025-08-18,KOSDAQ,361,1273,108,-912,-8436,0,0,30.156,35.407,,
2025-08-19,KOSDAQ,407,1193,143,-786,-9222,0,0,26.7744,31.9001,,
2025-08-20,KOSDAQ,358,1260,126,-902,-10124,0,0,20.5306,26.7286,,
2025-08-21,KOSDAQ,816,763,167,53,-10071,0,0,22.4337,27.7164,,
2025-08-22,KOSDAQ,870,697,180,173,-9898,0,0,25.3602,28.7623,,
2025-08-25,KOSDAQ,1146,460,142,686,-9212,0,0,34.7926,32.3461,,
2025-08-26,KOSDAQ,661,914,173,-253,-9465,0,0,33.8515,32.23,,
2025-08-27,KOSDAQ,629,963,156,-334,-9799,0,0,34.0818,31.747,,
2025-08-28,KOSDAQ,723,869,156,-146,-9945,0,0,34.6575,30.8183,,
2025-08-29,KOSDAQ,576,1033,139,-457,-10402,0,0,33.6212,30.238,,
2025-09-01,KOSDAQ,333,1306,109,-973,-11375,0,0,25.734,25.1886,,
2025-09-02,KOSDAQ,1042,566,140,476,-10899,0,0,29.764,28.7703,,
2025-09-03,KOSDAQ,851,725,172,126,-10773,0,0,32.7388,29.0435,,
2025-09-04,KOSDAQ,1158,453,137,705,-10068,0,0,40.1955,32.4058,,
2025-09-05,KOSDAQ,854,719,175,135,-9933,0,0,45.6584,34.4928,,
2025-09-08,KOSDAQ,928,664,156,264,-9669,0,0,49.5687,35.942,,
2025-09-09,KOSDAQ,931,640,178,291,-9378,110,52,55.0316,38.7601,50.8514,
2025-09-10,KOSDAQ,1070,501,178,569,-8809,134,50,62.1622,42.3523,52.7305,
2025-09-11,KOSDAQ,725,849,175,-124,-8933,108,49,63.1246,43.4531,52.5791,
2025-09-12,KOSDAQ,1041,561,147,480,-8453,126,43,70.0344,46.5238,55.0674,
2025-09-15,KOSDAQ,735,876,138,-141,-8594,147,56,67.4699,47.3928,55.5035,
2025-09-16,KOSDAQ,686,926,137,-240,-8834,120,59,65.0229,47.7984,55.3279,
2025-09-17,KOSDAQ,621,977,151,-356,-9190,84,61,62.6575,46.9293,54.274,
2025-09-18,KOSDAQ,1154,462,133,692,-8498,152,55,69.2616,51.3326,57.6112,
2025-09-19,KOSDAQ,609,992,149,-383,-8881,127,59,63.4439,50.2317,56.0562,
2025-09-22,KOSDAQ,675,946,129,-271,-9152,135,75,60.984,48.6674,56.1147,
2025-09-23,KOSDAQ,534,1077,139,-543,-9695,103,99,55.1487,46.4658,53.8912,
2025-09-24,KOSDAQ,498,1134,118,-636,-10331,102,116,47.4256,43.8586,51.9602,
2025-09-25,KOSDAQ,576,1016,158,-440,-10771,67,101,44.8513,42.6999,50.8187,
2025-09-26,KOSDAQ,233,1407,110,-1174,-11945,48,157,28.032,35.5324,44.3275,
2025-09-29,KOSDAQ,1097,508,145,589,-11356,64,101,33.8101,38.9821,46.2573,
2025-09-30,KOSDAQ,481,1144,127,-663,-12019,53,136,30.0915,36.2637,44.269,
2025-10-01,KOSDAQ,767,827,158,-60,-12079,81,119,30.8352,37.4566,44.0351,
2025-10-02,KOSDAQ,1047,560,145,487,-11592,122,79,33.9817,40.7514,46.1988,
2025-10-10,KOSDAQ,637,1009,106,-372,-11964,131,156,33.8101,39.6532,44.7368,
2025-10-13,KOSDAQ,578,1042,132,-464,-12428,95,146,31.6752,37.7457,43.2749,
2025-10-14,KOSDAQ,489,1142,121,-653,-13081,59,158,28.3019,35.5286,40.5848,
2025-10-15,KOSDAQ,1304,334,114,970,-12111,100,59,37.3356,39.6303,44.6784,
2025-10-16,KOSDAQ,589,1016,147,-427,-12538,79,81,36.2493,40.7857,43.9181,
2025-10-17,KOSDAQ,317,1317,118,-1000,-13538,51,140,29.3882,36.7995,39.883,
2025-10-20,KOSDAQ,999,614,139,385,-13153,63,96,32.5901,38.5326,41.4035,
2025-10-21,KOSDAQ,616,982,154,-366,-13519,55,107,32.9903,38.6036,41.345,
2025-10-22,KOSDAQ,912,689,151,223,-13296,69,86,35.163,40.2537,41.8713,
2025-10-23,KOSDAQ,483,1138,131,-655,-13951,54,105,33.2571,37.8316,40.1754,
2025-10-24,KOSDAQ,717,883,152,-166,-14117,80,125,35.0286,39.1931,41.2281,
2025-10-27,KOSDAQ,844,772,137,72,-14045,84,118,39.8857,41.0714,42.6067,
2025-10-28,KOSDAQ,672,916,165,-244,-14289,77,118,39.6571,42.6022,42.1145,
2025-10-29,KOSDAQ,532,1076,145,-544,-14833,74,148,37.0857,40.5872,41.4136,
2025-10-30,KOSDAQ,307,1341,105,-1034,-15867,58,230,29.2571,35.521,37.4416,
2025-10-31,KOSDAQ,749,861,143,-112,-15979,58,198,31.5429,36.4421,37.5,
2025-11-03,KOSDAQ,564,1096,94,-532,-16511,86,265,29.395,35.1756,35.8435,
2025-11-04,KOSDAQ,709,920,125,-211,-16722,80,213,29.5662,35.5786,36.035,
2025-11-05,KOSDAQ,342,1306,106,-964,-17686,57,283,22.4315,30.0921,32.8089,
2025-11-06,KOSDAQ,849,770,135,79,-17607,56,156,23.8584,30.7648,33.683,
2025-11-07,KOSDAQ,282,1351,122,-1069,-18676,41,270,19.2922,27.1995,30.4196,
2025-11-10,KOSDAQ,1330,307,118,1023,-17653,53,72,26.6553,31.2248,33.7798,
2025-11-11,KOSDAQ,573,1031,151,-458,-18111,54,111,26.7694,31.4549,33.4109,
2025-11-12,KOSDAQ,1323,317,115,1006,-17105,76,51,36.758,35.3076,35.893,
2025-11-13,KOSDAQ,883,719,154,164,-16941,79,51,41.895,36.703,36.6279,
2025-11-14,KOSDAQ,344,1281,132,-937,-17878,49,111,33.2763,31.6877,33.3721,
2025-11-17,KOSDAQ,674,956,129,-282,-18160,70,150,31.9635,32.1859,33.6628,
2025-11-18,KOSDAQ,209,1457,94,-1248,-19408,47,276,23.4589,25.8601,28.0651,
2025-11-19,KOSDAQ,624,996,140,-372,-19780,42,248,22.8881,25.0286,27.6583,
2025-11-20,KOSDAQ,1333,312,116,1021,-18759,57,68,30.4224,28.6777,30.3312,
2025-11-21,KOSDAQ,242,1414,107,-1172,-19931,41,195,23.7307,24.0847,25.3341,
2025-11-24,KOSDAQ,615,1014,135,-399,-20330,34,219,22.818,22.8261,24.7967,
2025-11-25,KOSDAQ,742,880,142,-138,-20468,49,191,22.7039,22.4828,24.9129,
2025-11-26,KOSDAQ,1307,336,121,971,-19497,56,81,30.6332,25.6293,26.9878,
2025-11-27,KOSDAQ,795,814,157,-19,-19516,54,81,32.4586,25.6293,27.3941,
2025-11-28,KOSDAQ,1357,278,132,1079,-18437,84,55,50.114,31.6362,32.0371,
2025-12-01,KOSDAQ,848,761,159,87,-18350,79,62,53.1357,34.1533,33.0238,
2025-12-02,KOSDAQ,1056,563,149,493,-17857,100,54,58.4379,36.8993,34.9768,
2025-12-03,KOSDAQ,1019,591,158,428,-17429,99,48,64.4242,40.0458,37.3913,
2025-12-04,KOSDAQ,554,1075,140,-521,-17950,91,65,59.0313,39.0732,36.4058,
2025-12-05,KOSDAQ,931,695,144,236,-17714,75,62,61.9943,40.9039,37.3913,
2025-12-08,KOSDAQ,678,933,159,-255,-17969,77,67,60.2279,41.3379,37.7971,
2025-12-09,KOSDAQ,644,956,171,-312,-18281,69,74,58.8034,41.2236,38.2387,
2025-12-10,KOSDAQ,613,1013,146,-400,-18681,62,72,58.2005,39.6226,37.4276,
2025-12-11,KOSDAQ,979,649,146,330,-18351,67,65,63.8589,41.9097,38.9919,
2025-12-12,KOSDAQ,903,722,152,181,-18170,76,68,66.2308,43.3391,40.5562,
2025-12-15,KOSDAQ,694,950,134,-256,-18426,86,79,61.5909,42.5386,39.6292,
2025-12-16,KOSDAQ,312,1368,99,-1056,-19482,44,115,47.1023,37.5071,36.2109,
2025-12-17,KOSDAQ,839,793,148,46,-19436,51,98,47.6434,38.8794,37.5435,
2025-12-18,KOSDAQ,434,1226,121,-792,-20228,46,137,39.8752,35.9429,35.0521,
2025-12-19,KOSDAQ,1140,504,138,636,-19592,75,84,46.3719,39.4286,37.5435,
2025-12-22,KOSDAQ,1113,515,157,598,-18994,86,72,54.195,43.8286,40.9618,
2025-12-23,KOSDAQ,366,1284,136,-918,-19912,54,120,40.1927,39.9429,37.4855,
2025-12-24,KOSDAQ,618,998,171,-380,-20292,59,116,38.1087,38.9143,37.7752,
2025-12-26,KOSDAQ,663,981,143,-318,-20610,66,133,34.7482,40.2286,37.8911,
2025-12-29,KOSDAQ,848,808,132,40,-20570,70,100,34.3326,38.0,35.8796,
2025-12-30,KOSDAQ,648,990,150,-342,-20912,61,96,33.4276,37.3858,35.1648,
2026-01-02,KOSDAQ,1147,519,122,628,-20284,92,77,45.3054,42.8082,38.5194,
2026-01-05,KOSDAQ,814,847,127,-33,-20317,115,78,46.0712,43.4361,39.0751,
2026-01-06,KOSDAQ,622,1030,136,-408,-20725,91,87,42.0904,42.1233,39.0751,
2026-01-07,KOSDAQ,413,1270,105,-857,-21582,65,152,36.4407,38.242,37.341,
2026-01-08,KOSDAQ,382,1291,115,-909,-22491,67,224,30.943,34.4749,34.3353,
2026-01-09,KOSDAQ,933,707,148,226,-22265,60,132,35.2144,36.9863,36.2796,39.4598
2026-01-12,KOSDAQ,903,736,149,167,-22098,75,112,38.5006,39.1553,37.5505,40.6929
2026-01-13,KOSDAQ,651,999,138,-348,-22446,79,136,38.2105,38.8128,37.3195,41.0903
2026-01-14,KOSDAQ,690,942,158,-252,-22698,71,117,36.3892,39.2123,37.8394,40.8905
2026-01-15,KOSDAQ,861,792,137,69,-22629,82,122,39.0669,40.8676,38.5904,41.5105
2026-01-16,KOSDAQ,569,1090,131,-521,-23150,68,135,37.6404,38.2991,37.738,41.1007
2026-01-19,KOSDAQ,827,839,124,-12,-23162,108,158,40.0337,40.6393,38.9273,40.808
2026-01-20,KOSDAQ,1158,506,126,652,-22510,94,52,46.9697,44.8059,41.4648,42.9157
2026-01-21,KOSDAQ,388,1308,95,-920,-23430,98,141,37.591,40.0456,37.8674,40.2575
2026-01-22,KOSDAQ,973,673,145,300,-23130,93,97,43.617,42.8979,40.7258,42.598
2026-01-23,KOSDAQ,1176,494,121,682,-22448,72,50,56.0157,49.6292,44.905,45.4067
2026-01-26,KOSDAQ,1360,322,109,1038,-21410,130,43,71.3486,58.8705,49.7409,48.8005
2026-01-27,KOSDAQ,911,747,133,164,-21246,129,43,71.7562,61.1523,51.0075,49.5906
2026-01-28,KOSDAQ,923,738,130,185,-21061,161,45,71.4206,63.1129,52.4467,50.4094
2026-01-29,KOSDAQ,1001,662,128,339,-20722,179,47,73.434,64.0821,54.6344,52.2807
2026-01-30,KOSDAQ,503,1185,104,-682,-21404,137,72,64.6532,59.7491,51.5832,49.5906
2026-02-02,KOSDAQ,277,1423,92,-1146,-22550,75,144,48.7696,50.3991,46.4902,45.3801
2026-02-03,KOSDAQ,1393,291,108,1102,-21448,157,78,61.689,57.4929,51.8114,49.1813
2026-02-04,KOSDAQ,1040,615,137,425,-21023,147,65,67.2819,61.3105,54.2266,51.0526
2026-02-05,KOSDAQ,424,1248,120,-824,-21847,86,69,59.6197,57.5499,51.9264,49.1813
2026-02-06,KOSDAQ,396,1281,115,-885,-22732,76,106,49.217,53.1054,49.5687,47.5439
2026-02-09,KOSDAQ,1358,317,117,1041,-21691,130,55,60.962,59.1116,53.6515,50.2924
2026-02-10,KOSDAQ,1009,654,129,355,-21336,103,45,66.4246,63.8019,54.9684,51.7544
2026-02-11,KOSDAQ,811,839,142,-28,-21364,95,49,67.0391,65.776,56.0276,52.2222
2026-02-12,KOSDAQ,897,738,157,159,-21205,109,46,67.5419,66.4773,57.774,53.0994
2026-02-13,KOSDAQ,399,1282,111,-883,-22088,87,110,55.5307,60.625,54.5872,50.8772
2026-02-19,KOSDAQ,1107,573,112,534,-21554,150,121,59.8883,63.9409,57.5029,53.6842
2026-02-20,KOSDAQ,645,1018,129,-373,-21927,153,125,57.0631,63.0743,57.6989,53.7427
2026-02-23,KOSDAQ,882,788,122,94,-21833,144,115,57.7331,64.1156,59.2105,54.7953
2026-02-24,KOSDAQ,904,743,145,161,-21672,139,76,58.459,65.7596,60.0114,55.6984
2026-02-25,KOSDAQ,658,1001,133,-343,-22015,107,82,57.0073,65.5329,59.5538,54.6145
2026-02-26,KOSDAQ,433,1254,105,-821,-22836,108,118,48.6879,60.2492,56.0641,52.1612
2026-02-27,KOSDAQ,491,1181,120,-690,-23526,84,148,43.0486,57.4986,54.8627,51.2266
2026-03-03,KOSDAQ,182,1533,77,-1351,-24877,55,248,26.2423,45.0792,46.2815,45.6192
2026-03-04,KOSDAQ,25,1700,67,-1675,-26552,32,543,6.8638,19.6833,27.2311,30.5312
2026-03-05,KOSDAQ,1665,49,78,1616,-24936,53,54,19.029,34.7285,39.6453,41.0496
2026-03-06,KOSDAQ,1211,469,113,742,-24194,80,48,24.1629,39.5138,42.9634,42.7739
2026-03-09,KOSDAQ,163,1549,82,-1386,-25580,48,110,13.8393,29.887,35.8124,38.5198
2026-03-10,KOSDAQ,1406,283,105,1123,-24457,67,56,20.5915,36.8362,40.7895,41.5501
2026-03-11,KOSDAQ,1157,516,121,641,-23816,85,44,25.4464,40.7115,43.3391,43.7973
2026-03-12,KOSDAQ,1018,644,132,374,-23442,94,48,29.9665,42.6072,44.311,44.6449
2026-03-13,KOSDAQ,882,776,136,106,-23336,90,50,31.9754,43.743,45.1687,45.7243
2026-03-16,KOSDAQ,527,1144,124,-617,-23953,80,62,30.4129,41.9246,44.1967,44.7093
2026-03-17,KOSDAQ,951,700,144,251,-23702,59,54,32.3103,43.1384,45.6832,45.7558
2026-03-18,KOSDAQ,1017,641,137,376,-23326,77,48,38.058,45.3064,47.9703,46.3372
2026-03-19,KOSDAQ,423,1251,121,-828,-24154,76,68,33.4263,41.8539,45.1115,44.7414
2026-03-20,KOSDAQ,1209,461,126,748,-23406,88,50,44.8661,45.5362,48.1418,46.4265
2026-03-23,KOSDAQ,181,1522,93,-1341,-24747,53,96,28.5156,37.3176,42.0,42.5915
2026-03-24,KOSDAQ,1233,433,130,800,-23947,64,63,37.1652,40.2241,44.8,44.7995
2026-03-25,KOSDAQ,1307,367,123,940,-23007,101,42,51.8415,45.2408,48.1714,47.0383
2026-03-26,KOSDAQ,375,1299,124,-924,-23931,59,50,43.192,41.69,46.1143,45.2962
2026-03-27,KOSDAQ,861,767,171,94,-23837,79,46,47.6004,42.0257,47.2571,45.9083
2026-03-30,KOSDAQ,377,1306,116,-929,-24766,61,74,39.0067,36.6331,42.9143,43.4127
2026-03-31,KOSDAQ,227,1456,117,-1229,-25995,40,115,28.5714,30.9284,38.5714,40.2205
2026-04-01,KOSDAQ,1545,157,99,1388,-24607,70,44,48.9955,40.1566,45.8904,46.2565
2026-04-02,KOSDAQ,145,1569,89,-1424,-26031,52,121,24.8745,29.2506,37.9566,39.5592
2026-04-03,KOSDAQ,1182,476,146,706,-25325,67,72,32.7202,32.83,41.153,42.6087
2026-04-06,KOSDAQ,562,1114,128,-552,-25877,62,104,28.3166,31.8792,40.468,41.7971
2026-04-07,KOSDAQ,530,1109,165,-579,-26456,53,117,26.087,29.8658,39.3836,40.8116
2026-04-08,KOSDAQ,1429,241,134,1188,-25268,74,54,43.534,37.8635,44.6918,45.8551
2026-04-09,KOSDAQ,527,1113,164,-586,-25854,63,61,39.4091,35.7383,44.0068,44.6118
2026-04-10,KOSDAQ,1340,304,160,1036,-24818,99,44,55.0418,42.4497,47.8881,47.5087
2026-04-13,KOSDAQ,837,766,201,71,-24747,106,44,56.3788,43.1844,48.6872,48.3198
2026-04-14,KOSDAQ,1283,324,197,959,-23788,133,46,69.5265,48.9385,53.5388,50.927
2026-04-15,KOSDAQ,1153,462,189,691,-23097,140,45,76.9916,54.4693,56.5068,54.0556
2026-04-16,KOSDAQ,1142,463,199,679,-22418,131,43,81.7372,60.5587,60.9589,57.1263
2026-04-17,KOSDAQ,905,685,214,220,-22198,128,45,82.7394,63.2402,62.7854,58.6906
2026-04-20,KOSDAQ,658,932,214,-274,-22472,125,46,81.9599,62.1999,62.3858,57.9954
2026-04-21,KOSDAQ,621,963,220,-342,-22814,103,47,78.798,61.2507,62.9778,57.9954
2026-04-22,KOSDAQ,717,868,219,-151,-22965,116,50,78.0868,61.9765,62.7496,58.1112
2026-04-23,KOSDAQ,528,1070,207,-542,-23507,86,48,74.3747,58.9056,61.0382,57.6477
2026-04-24,KOSDAQ,1122,469,214,653,-22854,136,47,77.4875,63.4283,63.4912,58.5168
2026-04-27,KOSDAQ,911,680,214,231,-22623,134,48,79.0,65.7733,64.6321,59.3279
2026-04-28,KOSDAQ,556,1025,224,-469,-23092,109,51,74.4031,64.8241,63.455,58.6806
2026-04-29,KOSDAQ,809,754,243,55,-23037,114,54,73.9323,66.0714,65.1653,59.572
2026-04-30,KOSDAQ,411,1181,215,-770,-23807,81,54,65.6319,62.8906,62.5998,58.2418
2026-05-04,KOSDAQ,787,795,225,-8,-23815,130,61,64.1907,63.1138,62.0296,58.1503
2026-05-06,KOSDAQ,423,1189,195,-766,-24581,136,82,49.6674,56.3616,57.3219,55.896
2026-05-07,KOSDAQ,450,1159,198,-709,-25290,92,95,41.2417,52.4554,55.2137,54.3353
2026-05-08,KOSDAQ,726,855,226,-129,-25419,107,91,39.4678,53.0134,54.9858,54.5087
2026-05-11,KOSDAQ,404,1230,174,-826,-26245,103,147,31.8736,46.7076,51.6239,50.7221
2026-05-12,KOSDAQ,322,1318,168,-996,-27241,64,182,23.2816,40.4576,46.1845,48.3536
2026-05-13,KOSDAQ,663,937,208,-274,-27515,93,146,22.561,39.9554,46.1013,47.0248
2026-05-14,KOSDAQ,848,748,213,100,-27415,86,90,24.7783,41.7411,46.7879,47.7181
2026-05-15,KOSDAQ,207,1418,184,-1211,-28626,49,188,17.0732,32.9241,40.3409,43.3853
2026-05-18,KOSDAQ,430,1209,170,-779,-29405,68,247,16.02,30.0223,37.6705,41.6042
2026-05-19,KOSDAQ,410,1216,184,-806,-30211,60,246,13.9135,27.0647,34.6394,39.1003
2026-05-20,KOSDAQ,258,1404,149,-1146,-31357,48,365,12.0843,24.3304,31.4237,35.6978
2026-05-21,KOSDAQ,1101,531,179,570,-30787,67,224,14.5787,26.6741,34.5238,38.5591
2026-05-22,KOSDAQ,1458,215,138,1243,-29544,95,58,21.7729,33.0915,39.0023,42.9147
2026-05-26,KOSDAQ,552,1113,146,-561,-30105,86,134,22.3269,32.3661,38.2086,41.3932
2026-05-27,KOSDAQ,192,1505,114,-1313,-31418,55,318,16.1219,26.8415,32.2197,36.3846
2026-05-28,KOSDAQ,375,1293,143,-918,-32336,54,350,12.8532,22.3214,29.4284,34.7726
2026-05-29,KOSDAQ,308,1391,112,-1083,-33419,44,438,11.3511,18.6942,26.0747,31.3184
2026-06-01,KOSDAQ,223,1477,111,-1254,-34673,43,573,8.3011,14.5089,22.3416,26.8279
2026-06-02,KOSDAQ,452,1224,135,-772,-35445,40,483,6.9729,12.8834,19.1176,24.8129
2026-06-04,KOSDAQ,833,848,130,-15,-35460,43,362,8.7991,13.4894,19.5591,25.0288
2026-06-05,KOSDAQ,389,1296,127,-907,-36367,43,470,7.0836,10.4236,16.2147,22.4842
2026-06-08,KOSDAQ,74,1633,106,-1559,-37926,37,776,3.7631,6.9677,11.4689,16.9063
2026-06-09,KOSDAQ,1435,257,121,1178,-36748,45,160,6.4712,9.6433,14.4551,20.069
2026-06-10,KOSDAQ,499,1175,140,-676,-37424,43,244,6.3053,8.5842,13.8262,19.1489
2026-06-11,KOSDAQ,1219,457,138,762,-36662,50,123,9.6239,10.2507,15.1635,21.1041
2026-06-12,KOSDAQ,1318,371,125,947,-35715,56,84,15.3123,12.2006,17.1638,23.0327
2026-06-15,KOSDAQ,1010,661,143,349,-35366,49,70,20.398,13.1476,17.9978,23.9954
2026-06-16,KOSDAQ,764,896,154,-132,-35498,45,83,22.1117,12.9805,17.9876,23.7522
2026-06-17,KOSDAQ,956,681,177,275,-35223,47,69,25.9669,13.4744,17.9775,24.3119
2026-06-18,KOSDAQ,245,1436,133,-1191,-36414,46,149,19.6024,11.804,15.8899,22.0504
2026-06-19,KOSDAQ,200,1489,126,-1289,-37703,46,315,12.4241,8.686,13.5241,19.1185
2026-06-22,KOSDAQ,383,1293,139,-910,-38613,49,454,12.148,8.7368,13.0532,18.0206
2026-06-23,KOSDAQ,130,1574,111,-1444,-40057,40,771,8.3932,6.3404,9.1825,13.73
2026-06-24,KOSDAQ,882,783,150,99,-39958,38,449,9.6632,6.7815,9.3453,14.5881
2026-06-25,KOSDAQ,400,1276,139,-876,-40834,39,609,9.1662,6.0589,8.8976,12.8719
2026-06-26,KOSDAQ,221,1465,129,-1244,-42078,42,813,8.6692,5.0,7.6063,11.1556
2026-06-29,KOSDAQ,1554,152,110,1402,-40676,43,90,17.3937,7.2737,10.179,14.8169
2026-06-30,KOSDAQ,718,969,131,-251,-40927,48,97,19.1607,8.8741,10.7942,15.1602
2026-07-01,KOSDAQ,1192,489,138,703,-40224,55,85,27.1673,9.2018,12.0805,16.9336
2026-07-02,KOSDAQ,316,1355,148,-1039,-41263,39,152,20.6954,7.4834,9.6756,13.3295
2026-07-03,KOSDAQ,1093,566,160,527,-40736,42,97,25.0414,7.6497,10.4027,13.73
2026-07-06,KOSDAQ,681,981,158,-300,-41036,42,103,24.9862,8.3703,10.179,12.7574
2026-07-07,KOSDAQ,485,1193,142,-708,-41744,38,177,23.4289,7.8714,9.2841,11.8353
2026-07-08,KOSDAQ,246,1445,129,-1199,-42943,39,361,17.5854,6.7627,7.5503,10.4059
2026-07-09,KOSDAQ,776,887,157,-111,-43054,39,283,18.4675,7.3725,8.557,11.0921
2026-07-10,KOSDAQ,1488,204,128,1284,-41770,40,81,30.871,9.6452,10.6704,12.9788
2026-07-13,KOSDAQ,220,1459,142,-1239,-43009,39,243,22.161,8.7029,9.3296,11.6066
2026-07-14,KOSDAQ,445,1211,165,-766,-43775,42,362,20.6725,8.0931,8.6592,11.0349
2026-07-15,KOSDAQ,1465,215,141,1250,-42525,47,79,33.5171,10.1441,9.8883,12.693
2026-07-16,KOSDAQ,502,1182,137,-680,-43205,45,130,32.6171,9.3681,9.4413,11.5495
2026-07-20,KOSDAQ,198,1487,136,-1289,-44494,39,421,22.5344,8.2594,8.096,10.2286
2026-07-21,KOSDAQ,984,657,180,327,-44167,41,248,25.4545,9.6452,8.9894,10.8571
2026-07-22,KOSDAQ,839,793,189,46,-44121,41,213,26.6116,8.5319,8.431,11.2
2026-07-23,KOSDAQ,1443,251,127,1192,-42929,44,75,43.4711,10.4709,9.6036,12.2286
2026-07-24,KOSDAQ,10,54,8,-44,-42973,0,5,27.6923,12.7273,4.878,
2025-03-18,KOSPI,0,0,935,0,0,0,0,,,,
2025-03-19,KOSPI,502,361,72,141,141,0,0,,,,
2025-03-20,KOSPI,327,537,71,-210,-69,0,0,,,,
2025-03-21,KOSPI,310,557,68,-247,-316,0,0,,,,
2025-03-24,KOSPI,396,456,83,-60,-376,0,0,,,,
2025-03-25,KOSPI,299,569,67,-270,-646,0,0,,,,
2025-03-26,KOSPI,451,409,75,42,-604,0,0,,,,
2025-03-27,KOSPI,276,600,59,-324,-928,0,0,,,,
2025-03-28,KOSPI,166,718,51,-552,-1480,0,0,,,,
2025-03-31,KOSPI,83,816,36,-733,-2213,0,0,,,,
2025-04-01,KOSPI,704,179,52,525,-1688,0,0,,,,
2025-04-02,KOSPI,272,588,75,-316,-2004,0,0,,,,
2025-04-03,KOSPI,273,598,64,-325,-2329,0,0,,,,
2025-04-04,KOSPI,553,325,57,228,-2101,0,0,,,,
2025-04-07,KOSPI,67,851,17,-784,-2885,0,0,,,,
2025-04-08,KOSPI,538,337,60,201,-2684,0,0,,,,
2025-04-09,KOSPI,144,749,42,-605,-3289,0,0,,,,
2025-04-10,KOSPI,862,46,27,816,-2473,0,0,,,,
2025-04-11,KOSPI,529,338,68,191,-2282,0,0,,,,
2025-04-14,KOSPI,627,251,57,376,-1906,0,0,41.2834,,,
2025-04-15,KOSPI,695,179,61,516,-1390,0,0,53.262,,,
2025-04-16,KOSPI,297,566,72,-269,-1659,0,0,52.0856,,,
2025-04-17,KOSPI,629,223,83,406,-1253,0,0,59.893,,,
2025-04-18,KOSPI,613,243,79,370,-883,0,0,69.3048,,,
2025-04-21,KOSPI,495,366,74,129,-754,0,0,72.7273,,,
2025-04-22,KOSPI,452,412,71,40,-714,0,0,74.0107,,,
2025-04-23,KOSPI,619,249,67,370,-344,0,0,83.2086,,,
2025-04-24,KOSPI,398,449,88,-51,-395,0,0,82.9947,,,
2025-04-25,KOSPI,637,235,63,402,7,0,0,87.5936,,,
2025-04-28,KOSPI,360,514,61,-154,-147,0,0,83.1016,,,
2025-04-29,KOSPI,650,233,52,417,270,0,0,86.5241,,,
2025-04-30,KOSPI,343,538,54,-195,75,0,0,82.5668,,,
2025-05-02,KOSPI,408,450,77,-42,33,0,0,80.2139,,,
2025-05-07,KOSPI,451,412,72,39,72,0,0,78.9305,,,
2025-05-08,KOSPI,527,333,75,194,266,0,0,78.6096,,,
2025-05-09,KOSPI,347,529,59,-182,84,0,0,71.7647,,,
2025-05-12,KOSPI,652,234,49,418,502,0,0,74.9733,,,
2025-05-13,KOSPI,443,414,78,29,531,0,0,71.9786,,,
2025-05-14,KOSPI,581,289,65,292,823,0,0,73.0481,,,
2025-05-15,KOSPI,290,586,59,-296,527,0,0,67.9144,,,
2025-05-16,KOSPI,311,570,54,-259,268,0,0,59.1444,,,
2025-05-19,KOSPI,234,636,65,-402,-134,0,0,48.984,,,
2025-05-20,KOSPI,544,330,61,214,80,0,0,50.4813,,,
2025-05-21,KOSPI,526,333,76,193,273,0,0,52.6203,,,
2025-05-22,KOSPI,256,619,61,-363,-90,0,0,49.8396,,,
2025-05-23,KOSPI,489,391,56,98,8,0,0,51.2299,,,
2025-05-26,KOSPI,624,257,55,367,375,0,0,56.5775,,,
2025-05-27,KOSPI,352,510,74,-158,217,0,0,55.2941,,,
2025-05-28,KOSPI,568,307,61,261,478,0,0,59.6791,,,
2025-05-29,KOSPI,738,151,47,587,1065,0,0,69.7326,,,
2025-05-30,KOSPI,388,481,67,-93,972,0,0,67.2727,,,
2025-06-02,KOSPI,364,517,55,-153,819,0,0,64.5989,,,
2025-06-04,KOSPI,786,120,30,666,1485,0,0,77.0053,,,
2025-06-05,KOSPI,565,305,66,260,1745,0,0,80.7487,,,
2025-06-09,KOSPI,687,201,48,486,2231,0,0,85.4545,,,
2025-06-10,KOSPI,426,452,58,-26,2205,0,0,85.6684,,,
2025-06-11,KOSPI,594,279,63,315,2520,0,0,87.1658,,,
2025-06-12,KOSPI,514,366,56,148,2668,0,0,88.0214,,,
2025-06-13,KOSPI,145,755,36,-610,2058,0,0,77.6471,,,
2025-06-16,KOSPI,607,280,49,327,2385,0,0,79.0374,78.9305,,
2025-06-17,KOSPI,317,555,64,-238,2147,0,0,76.6845,78.1818,,
2025-06-18,KOSPI,422,449,65,-27,2120,0,0,75.615,78.3957,,
2025-06-19,KOSPI,424,436,76,-12,2108,0,0,74.1176,78.0749,,
2025-06-20,KOSPI,483,382,71,101,2209,0,0,76.6026,80.7487,,
2025-06-23,KOSPI,260,640,36,-380,1829,0,0,60.0427,76.7914,,
2025-06-24,KOSPI,756,136,44,620,2449,0,0,75.2137,81.8182,,
2025-06-25,KOSPI,463,412,61,51,2500,0,0,74.6795,81.9251,,
2025-06-26,KOSPI,179,713,44,-534,1966,0,0,60.7906,79.2513,,
2025-06-27,KOSPI,238,654,44,-416,1550,0,0,49.0385,76.3636,,
2025-06-30,KOSPI,478,394,64,84,1634,0,0,50.4274,76.8984,,
2025-07-01,KOSPI,702,180,54,522,2156,0,0,66.5598,80.3209,,
2025-07-02,KOSPI,448,427,61,21,2177,0,0,65.3846,80.8556,,
2025-07-03,KOSPI,600,280,56,320,2497,0,0,70.8333,83.5294,,
2025-07-04,KOSPI,159,727,50,-568,1929,0,0,55.3419,80.0,,
2025-07-07,KOSPI,423,452,61,-29,1900,0,0,53.5256,78.7166,,
2025-07-08,KOSPI,634,238,64,396,2296,0,0,62.6068,80.3209,,
2025-07-09,KOSPI,688,197,51,491,2787,0,0,71.4744,80.8556,,
2025-07-10,KOSPI,591,281,65,310,3097,0,0,76.0684,82.7807,,
2025-07-11,KOSPI,470,402,65,68,3165,0,0,76.3889,83.1016,,
2025-07-14,KOSPI,518,360,59,158,3323,0,0,77.6709,82.5668,,
2025-07-15,KOSPI,360,504,73,-144,3179,0,0,76.7094,82.3529,,
2025-07-16,KOSPI,186,697,54,-511,2668,0,0,68.3761,80.2139,,
2025-07-17,KOSPI,386,464,87,-78,2590,0,0,68.3761,79.893,,
2025-07-18,KOSPI,298,585,54,-287,2303,0,0,62.7137,79.6791,,
2025-07-21,KOSPI,386,483,68,-97,2206,0,0,59.6154,81.3904,,
2025-07-22,KOSPI,209,675,53,-466,1740,0,0,47.2222,77.3262,,
2025-07-23,KOSPI,383,495,59,-112,1628,0,0,44.6581,76.8984,,
2025-07-24,KOSPI,190,699,48,-509,1119,0,0,34.0812,74.0107,,
2025-07-25,KOSPI,365,499,73,-134,985,0,0,31.5171,71.2299,,
2025-07-28,KOSPI,179,712,46,-533,452,0,0,22.2222,63.9572,,
2025-07-29,KOSPI,461,408,68,53,505,0,0,22.5427,63.6364,,
2025-07-30,KOSPI,470,400,67,70,575,0,0,25.0,63.9572,,
2025-07-31,KOSPI,398,462,77,-64,511,0,0,24.4658,62.6738,,
2025-08-01,KOSPI,34,876,28,-842,-331,0,0,11.3248,38.7166,,
2025-08-04,KOSPI,669,208,61,461,130,0,0,13.3547,43.8503,,
2025-08-05,KOSPI,677,189,72,488,618,0,0,18.5897,47.5936,,
2025-08-06,KOSPI,638,233,67,405,1023,0,0,24.4397,51.9786,,
2025-08-07,KOSPI,451,405,82,46,1069,0,0,26.8943,53.4759,,
2025-08-08,KOSPI,380,484,74,-104,965,0,0,29.6692,51.9786,,
2025-08-11,KOSPI,296,572,70,-276,689,0,0,28.9221,45.7754,,
2025-08-12,KOSPI,340,542,56,-202,487,0,0,29.4557,44.0642,,
2025-08-13,KOSPI,409,463,66,-54,433,0,0,30.2028,42.4599,,
2025-08-14,KOSPI,377,493,68,-116,317,0,0,32.444,41.1765,,
2025-08-18,KOSPI,192,695,51,-503,-186,0,0,25.4002,35.1496,,
2025-08-19,KOSPI,266,607,65,-341,-527,0,0,23.5859,31.0897,,
2025-08-20,KOSPI,238,637,63,-399,-926,0,0,19.8506,27.7778,,
2025-08-21,KOSPI,509,359,70,150,-776,0,0,23.6926,28.953,,
2025-08-22,KOSPI,454,411,73,43,-733,0,0,25.7204,28.4188,,
2025-08-25,KOSPI,596,266,76,330,-403,0,0,32.0171,30.5556,,
2025-08-26,KOSPI,318,537,83,-219,-622,0,0,29.7759,29.2735,,
2025-08-27,KOSPI,332,518,88,-186,-808,0,0,29.7759,27.7778,,
2025-08-28,KOSPI,479,379,80,100,-708,0,0,35.2188,28.0983,,
2025-08-29,KOSPI,296,577,65,-281,-989,0,0,33.6887,28.8462,,
2025-09-01,KOSPI,198,688,52,-490,-1479,0,0,26.5458,25.3205,,
2025-09-02,KOSPI,480,372,86,108,-1371,0,0,28.145,25.7479,,
2025-09-03,KOSPI,496,368,74,128,-1243,0,0,31.7697,25.641,,
2025-09-04,KOSPI,601,248,89,353,-890,0,0,37.9531,27.2436,,
2025-09-05,KOSPI,447,398,93,49,-841,0,0,43.177,28.312,,
2025-09-08,KOSPI,538,319,81,219,-622,0,0,49.8934,31.6239,,
2025-09-09,KOSPI,586,282,70,304,-318,48,22,57.5693,34.6154,61.3904,
2025-09-10,KOSPI,630,240,68,390,72,51,18,65.9915,38.2479,62.3529,
2025-09-11,KOSPI,456,402,80,54,126,61,20,69.2964,40.3846,63.7433,
2025-09-12,KOSPI,518,340,80,178,304,49,18,75.4797,43.2692,65.2406,
2025-09-15,KOSPI,478,394,66,84,388,60,21,73.1343,46.1538,65.8824,
2025-09-16,KOSPI,292,566,80,-274,114,51,28,69.7228,43.2692,63.9572,
2025-09-17,KOSPI,299,563,76,-264,-150,37,24,65.032,42.6282,62.8877,
2025-09-18,KOSPI,586,259,93,327,177,59,20,69.1898,45.0855,64.385,
2025-09-19,KOSPI,237,635,66,-398,-221,48,28,61.9403,41.5598,61.8182,
2025-09-22,KOSPI,331,539,68,-208,-429,41,35,58.3156,41.1325,59.7861,
2025-09-23,KOSPI,266,595,77,-329,-758,31,46,50.6397,39.3162,58.5027,
2025-09-24,KOSPI,192,680,66,-488,-1246,27,59,38.1663,34.188,54.5455,
2025-09-25,KOSPI,332,529,77,-197,-1443,22,45,35.5011,32.6923,53.9037,
2025-09-26,KOSPI,118,771,49,-653,-2096,14,73,22.6013,25.9615,47.8075,
2025-09-29,KOSPI,593,267,78,326,-1770,26,45,29.6375,30.6624,50.0535,
2025-09-30,KOSPI,277,581,80,-304,-2074,24,53,25.693,28.953,47.4866,
2025-10-01,KOSPI,383,469,87,-86,-2160,28,49,24.5203,29.8077,47.5936,
2025-10-02,KOSPI,583,290,66,293,-1867,40,28,30.597,32.5507,49.4118,
2025-10-10,KOSPI,272,617,50,-345,-2212,49,63,25.2665,30.8431,45.2406,
2025-10-13,KOSPI,271,590,78,-319,-2531,30,62,24.6269,28.0683,43.8503,
2025-10-14,KOSPI,312,558,69,-246,-2777,23,52,24.5203,27.0011,43.4225,
2025-10-15,KOSPI,753,125,61,628,-2149,38,22,35.2878,36.0726,47.2727,
2025-10-16,KOSPI,485,386,68,99,-2050,47,24,40.9382,39.381,48.0214,
2025-10-17,KOSPI,218,664,57,-446,-2496,45,44,34.8614,35.8591,45.0267,
2025-10-20,KOSPI,591,281,67,310,-2186,56,30,42.3241,40.0213,47.7005,
2025-10-21,KOSPI,362,495,82,-133,-2319,42,27,44.0299,40.555,46.631,
2025-10-22,KOSPI,631,243,65,388,-1931,62,27,53.4115,44.9306,50.4813,
2025-10-23,KOSPI,258,600,81,-342,-2273,38,35,46.8017,42.6894,47.9144,
2025-10-24,KOSPI,469,403,67,66,-2207,64,36,49.7868,45.571,47.9144,
2025-10-27,KOSPI,556,317,66,239,-1968,75,35,57.9957,49.5197,50.8021,
2025-10-28,KOSPI,374,497,68,-123,-2091,58,35,57.9957,49.6265,49.5187,
2025-10-29,KOSPI,302,559,78,-257,-2348,66,44,52.1322,46.9584,47.5936,
2025-10-30,KOSPI,189,700,50,-511,-2859,41,59,42.9638,42.1558,44.7059,
2025-10-31,KOSPI,317,553,69,-236,-3095,47,72,40.4051,40.8316,42.9947,
2025-11-03,KOSPI,287,606,46,-319,-3414,62,101,36.1407,38.806,40.5348,
2025-11-04,KOSPI,378,500,61,-122,-3536,37,73,35.5698,38.806,40.5348,
2025-11-05,KOSPI,167,730,42,-563,-4099,24,105,25.6656,33.4755,36.7914,
2025-11-06,KOSPI,628,262,49,366,-3733,36,51,34.3983,38.3795,39.893,
2025-11-07,KOSPI,209,673,57,-464,-4197,18,84,27.7955,34.435,37.2193,
2025-11-10,KOSPI,799,98,42,701,-3496,47,22,45.4739,45.2026,44.1711,
2025-11-11,KOSPI,337,537,65,-200,-3696,42,28,43.344,43.8166,42.6738,
2025-11-12,KOSPI,782,115,42,667,-3029,64,16,57.508,52.1322,47.9144,
2025-11-13,KOSPI,474,378,87,96,-2933,46,15,60.1704,53.4115,48.4492,
2025-11-14,KOSPI,168,712,59,-544,-3477,28,26,50.2662,48.7207,45.5615,
2025-11-17,KOSPI,389,487,63,-98,-3575,38,40,48.3493,48.5075,45.1923,
2025-11-18,KOSPI,81,813,45,-732,-4307,19,88,31.8424,39.4456,37.5,
2025-11-19,KOSPI,460,413,66,47,-4260,32,70,33.9723,41.0448,38.7821,
2025-11-20,KOSPI,744,138,57,606,-3654,37,25,45.3674,47.2281,43.0556,
2025-11-21,KOSPI,178,710,51,-532,-4186,27,47,37.4867,40.8316,40.1709,
2025-11-24,KOSPI,301,572,68,-271,-4457,19,55,34.2918,38.806,37.3932,
2025-11-25,KOSPI,322,549,70,-227,-4684,26,61,31.7359,35.8209,36.4316,
2025-11-26,KOSPI,768,121,52,647,-4037,37,21,47.3908,44.4563,41.0256,
2025-11-27,KOSPI,387,479,75,-92,-4129,36,28,45.8999,42.9638,41.0256,
2025-11-28,KOSPI,593,277,71,316,-3813,29,26,55.1651,46.2687,42.9487,
2025-12-01,KOSPI,381,484,76,-103,-3916,32,24,53.8871,47.2281,41.7735,
2025-12-02,KOSPI,636,224,81,412,-3504,44,24,61.1289,50.6397,44.765,
2025-12-03,KOSPI,651,225,65,426,-3078,54,19,69.7551,56.0768,49.4658,
2025-12-04,KOSPI,280,591,70,-311,-3389,50,21,64.3237,53.838,48.8248,
2025-12-05,KOSPI,595,275,71,320,-3069,56,17,69.9681,58.5288,51.3889,
2025-12-08,KOSPI,312,549,80,-237,-3306,51,17,65.6017,56.9296,49.6795,
2025-12-09,KOSPI,397,473,71,-76,-3382,43,20,63.1523,56.3966,48.8248,
2025-12-10,KOSPI,281,588,72,-307,-3689,32,25,58.9989,55.8635,48.2906,
2025-12-11,KOSPI,549,321,71,228,-3461,47,24,67.0927,58.9552,51.3889,
2025-12-12,KOSPI,653,219,69,434,-3027,50,21,75.6124,63.8593,55.5556,
2025-12-15,KOSPI,348,527,67,-179,-3206,44,20,72.098,63.3262,55.3419,
2025-12-16,KOSPI,185,709,48,-524,-3730,28,25,59.8509,58.9552,52.1368,
2025-12-17,KOSPI,531,340,71,191,-3539,34,22,62.3003,59.9147,53.8462,
2025-12-18,KOSPI,193,684,65,-491,-4030,27,32,51.7572,57.0362,51.0684,
2025-12-19,KOSPI,605,272,65,333,-3697,30,20,58.2359,59.3817,54.3803,
2025-12-22,KOSPI,532,340,70,192,-3505,35,16,60.5739,61.6205,55.4487,
2025-12-23,KOSPI,216,653,73,-437,-3942,30,27,49.9469,58.4222,53.6325,
2025-12-24,KOSPI,377,479,86,-102,-4044,23,28,47.5027,57.1429,53.6325,
2025-12-26,KOSPI,243,639,60,-396,-4440,31,37,37.407,54.1578,50.3205,
2025-12-29,KOSPI,316,569,57,-253,-4693,33,34,28.7991,47.0149,45.406,
2025-12-30,KOSPI,327,544,71,-217,-4910,28,47,25.2922,43.2836,44.1239,
2026-01-02,KOSPI,372,519,51,-147,-5057,34,31,28.3741,40.0426,40.9188,
2026-01-05,KOSPI,435,446,61,-11,-5068,33,41,30.3932,40.2556,41.8803,
2026-01-06,KOSPI,395,477,70,-82,-5150,39,45,31.5622,39.9361,42.6894,
2026-01-07,KOSPI,198,680,64,-482,-5632,34,72,25.5048,37.0607,40.1281,
2026-01-08,KOSPI,173,726,43,-553,-6185,28,92,19.1286,30.5644,35.7524,
2026-01-09,KOSPI,537,336,69,201,-5984,31,46,22.5292,34.0788,38.4205,46.4171
2026-01-12,KOSPI,527,346,69,181,-5803,35,35,28.4803,36.1022,40.8751,48.984
2026-01-13,KOSPI,445,429,68,16,-5787,56,37,33.1562,38.2322,41.9424,48.877
2026-01-14,KOSPI,554,333,55,221,-5566,49,25,38.0042,41.5335,44.6105,50.1604
2026-01-15,KOSPI,483,385,74,98,-5468,57,32,42.0382,43.557,46.318,51.7647
2026-01-16,KOSPI,373,500,69,-127,-5595,57,36,40.4459,42.3855,45.8911,51.9786
2026-01-19,KOSPI,395,484,63,-89,-5684,77,48,43.0998,42.3855,45.1441,51.6578
2026-01-20,KOSPI,663,227,52,436,-5248,56,24,53.5032,49.6273,49.6265,55.2941
2026-01-21,KOSPI,183,709,50,-526,-5774,55,45,43.949,43.983,45.571,51.3369
2026-01-22,KOSPI,562,313,67,249,-5525,43,31,51.9108,48.3493,49.9466,53.0481
2026-01-23,KOSPI,676,210,56,466,-5059,56,19,65.4989,56.1235,54.7492,56.6845
2026-01-26,KOSPI,502,389,51,113,-4946,45,18,71.2314,58.147,55.4963,57.9679
2026-01-27,KOSPI,409,472,61,-63,-5009,62,21,69.6391,58.147,55.603,57.754
2026-01-28,KOSPI,429,439,74,-10,-5019,66,22,69.7452,58.6794,55.9701,57.4332
2026-01-29,KOSPI,576,286,80,290,-4729,75,24,73.9915,62.5133,59.3817,59.0374
2026-01-30,KOSPI,277,602,63,-325,-5054,72,30,67.3036,59.3184,56.7164,57.1123
2026-02-02,KOSPI,115,795,32,-680,-5734,19,57,46.8153,47.4973,49.8934,53.0481
2026-02-03,KOSPI,824,75,43,749,-4985,81,27,66.879,59.1054,57.0362,57.5401
2026-02-04,KOSPI,747,155,40,592,-4393,107,17,75.4777,67.7316,61.8337,61.6043
2026-02-05,KOSPI,307,575,60,-268,-4661,58,20,70.913,64.9627,60.5544,60.9626
2026-02-06,KOSPI,191,699,52,-508,-5169,49,23,60.2972,59.8509,55.9701,57.6471
2026-02-09,KOSPI,714,172,56,542,-4627,84,15,69.6391,66.2407,62.6866,62.246
2026-02-10,KOSPI,688,207,47,481,-4146,98,17,74.9469,72.524,66.3113,64.7059
2026-02-11,KOSPI,539,338,65,201,-3945,111,18,77.6008,74.0149,68.1237,65.6684
2026-02-12,KOSPI,616,271,55,345,-3600,141,18,80.4671,76.9968,71.4286,68.0214
2026-02-13,KOSPI,335,545,62,-210,-3810,111,23,75.1592,73.8019,70.4691,66.738
2026-02-19,KOSPI,664,232,46,432,-3378,163,24,79.724,77.7423,73.5608,69.9465
2026-02-20,KOSPI,543,340,59,203,-3175,155,28,81.2102,78.4878,75.3731,71.5508
2026-02-23,KOSPI,543,347,52,196,-2979,131,27,83.0149,81.6153,78.5714,73.5829
2026-02-24,KOSPI,405,465,72,-60,-3039,115,17,84.0764,82.3592,78.5714,73.1551
2026-02-25,KOSPI,445,434,63,11,-3028,116,17,84.5011,81.9341,78.8913,73.369
2026-02-26,KOSPI,239,658,45,-419,-3447,109,30,74.5223,78.3209,74.9467,70.3743
2026-02-27,KOSPI,263,625,54,-362,-3809,69,34,66.4544,75.3454,72.6013,68.3422
2026-03-03,KOSPI,73,840,29,-767,-4576,33,65,39.0658,61.1052,63.9659,62.8877
2026-03-04,KOSPI,12,908,22,-896,-5472,15,171,6.9002,24.3358,35.7143,40.0
2026-03-05,KOSPI,896,21,26,875,-4597,15,19,20.1699,44.2083,51.919,53.6898
2026-03-06,KOSPI,522,361,60,161,-4436,19,17,22.5053,47.3964,53.5181,54.1176
2026-03-09,KOSPI,72,847,24,-775,-5211,17,69,12.1019,34.1126,44.1365,45.8824
2026-03-10,KOSPI,752,146,45,606,-4605,14,30,16.7728,42.0829,49.2537,50.9091
2026-03-11,KOSPI,701,198,44,503,-4102,18,21,22.0807,48.2465,54.4776,54.7594
2026-03-12,KOSPI,568,321,54,247,-3855,31,20,25.9023,51.0096,56.1834,56.2567
2026-03-13,KOSPI,337,550,56,-213,-4068,34,23,23.7792,49.4155,55.8635,55.508
2026-03-16,KOSPI,248,644,51,-396,-4464,24,24,22.1868,44.7396,53.9446,53.4759
2026-03-17,KOSPI,629,256,58,373,-4091,29,25,24.6285,47.983,56.29,55.0802
2026-03-18,KOSPI,615,278,50,337,-3754,45,27,32.0594,53.5032,57.8891,56.0897
2026-03-19,KOSPI,204,677,62,-473,-4227,36,35,25.7962,47.0276,55.4371,54.0598
2026-03-20,KOSPI,740,158,45,582,-3645,61,19,44.1614,56.4756,61.5139,60.2564
2026-03-23,KOSPI,51,860,32,-809,-4454,18,46,22.8238,42.569,51.1727,52.0299
2026-03-24,KOSPI,703,191,49,512,-3942,20,19,32.0594,47.4522,55.9701,55.4487
2026-03-25,KOSPI,717,163,63,554,-3388,31,18,46.603,53.2909,59.4883,58.1197
2026-03-26,KOSPI,224,663,56,-439,-3827,24,19,43.2059,48.7261,56.6098,55.6624
2026-03-27,KOSPI,434,441,68,-7,-3834,20,21,47.3461,49.5754,56.1834,56.3034
2026-03-30,KOSPI,154,749,40,-595,-4429,18,38,31.9533,39.5966,49.6802,49.8932
2026-03-31,KOSPI,117,790,36,-673,-5102,15,50,23.1423,30.6794,44.1365,46.1538
2026-04-01,KOSPI,837,70,36,767,-4335,24,20,45.4931,44.6921,52.452,52.4573
2026-04-02,KOSPI,90,815,38,-725,-5060,23,46,22.9056,31.3163,45.4739,47.6496
2026-04-03,KOSPI,665,223,55,442,-4618,32,30,31.3892,37.3673,48.6688,50.4274
2026-04-06,KOSPI,351,515,77,-164,-4782,28,38,29.5864,35.2442,47.7103,50.3205
2026-04-07,KOSPI,286,578,79,-292,-5074,19,39,26.6172,32.8025,45.7934,49.4658
2026-04-08,KOSPI,783,105,55,678,-4396,45,21,50.2651,45.3291,54.1001,53.0983
2026-04-09,KOSPI,355,510,78,-155,-4551,39,24,46.3415,44.2675,54.2066,54.2735
2026-04-10,KOSPI,717,162,64,555,-3996,47,19,62.1421,51.38,58.4665,58.1197
2026-04-13,KOSPI,344,523,76,-179,-4175,45,21,58.4305,48.1953,58.7859,57.5855
2026-04-14,KOSPI,669,197,77,472,-3703,52,21,70.7317,53.6093,61.8743,60.3632
2026-04-15,KOSPI,570,274,99,296,-3407,65,19,76.5642,58.2803,63.4718,61.7521
2026-04-16,KOSPI,655,206,82,449,-2958,60,19,84.8356,65.1805,67.3056,65.3846
2026-04-17,KOSPI,464,388,91,76,-2882,57,20,86.5323,66.242,69.7551,66.1325
2026-04-20,KOSPI,320,534,89,-214,-3096,55,20,84.5175,64.4374,67.4121,65.2778
2026-04-21,KOSPI,455,408,80,47,-3049,68,21,81.9724,64.3312,68.0511,65.7051
2026-04-22,KOSPI,397,463,83,-66,-3115,82,22,80.3818,63.482,67.1991,66.3462
2026-04-23,KOSPI,356,505,82,-149,-3264,72,21,79.8515,62.6327,66.6667,64.4231
2026-04-24,KOSPI,621,234,88,387,-2877,86,20,83.245,66.242,69.2226,66.3462
2026-04-27,KOSPI,495,357,91,138,-2739,102,20,83.0329,67.1975,70.0745,66.6667
2026-04-28,KOSPI,432,416,95,16,-2723,88,23,81.2301,68.6837,70.2875,67.2009
2026-04-29,KOSPI,477,364,102,113,-2610,104,25,80.0636,69.3206,70.9265,68.8034
2026-04-30,KOSPI,194,666,83,-472,-3082,51,23,71.0498,63.3758,68.0511,66.453
2026-05-04,KOSPI,391,475,77,-84,-3166,89,31,66.8081,63.3758,67.0927,65.5983
2026-05-06,KOSPI,200,677,66,-477,-3643,76,46,50.4772,55.6263,61.1289,62.1131
2026-05-07,KOSPI,352,502,89,-150,-3793,54,45,47.2959,54.5648,60.4899,61.4728
2026-05-08,KOSPI,368,499,76,-131,-3924,53,45,46.1294,54.7771,61.6613,62.6467
2026-05-11,KOSPI,148,736,59,-588,-4512,53,68,32.8738,47.8769,56.9755,58.698
2026-05-12,KOSPI,145,732,66,-587,-5099,41,90,23.0117,39.0658,50.6922,55.0694
2026-05-13,KOSPI,280,600,63,-320,-5419,54,87,22.7996,36.6242,48.4558,53.1483
2026-05-14,KOSPI,646,221,76,425,-4994,48,35,29.6925,42.8875,54.2066,56.6702
2026-05-15,KOSPI,166,704,73,-538,-5532,26,54,23.0117,38.3227,49.0948,53.0416
2026-05-18,KOSPI,203,686,54,-483,-6015,21,89,18.982,32.4841,44.0895,50.1601
2026-05-19,KOSPI,177,707,59,-530,-6545,17,94,14.8462,26.9639,38.9776,46.7449
2026-05-20,KOSPI,90,811,42,-721,-7266,17,145,10.7105,22.5053,33.3333,41.8356
2026-05-21,KOSPI,668,220,55,448,-6818,29,88,15.0583,28.5563,37.8321,45.8911
2026-05-22,KOSPI,786,118,39,668,-6150,34,28,21.6331,35.5626,41.8704,49.8399
2026-05-26,KOSPI,234,654,55,-420,-6570,39,58,19.9364,32.9087,41.0202,47.492
2026-05-27,KOSPI,75,824,44,-749,-7319,31,151,13.3616,26.8577,34.4315,41.8356
2026-05-28,KOSPI,213,677,53,-464,-7783,25,146,12.0891,23.7792,31.881,38.9541
2026-05-29,KOSPI,205,686,52,-481,-8264,36,184,11.1347,20.276,28.7991,37.5267
2026-06-01,KOSPI,178,729,36,-551,-8815,34,250,10.1803,18.3457,25.5048,34.5416
2026-06-02,KOSPI,269,633,41,-364,-9179,25,203,10.9226,16.8611,23.8045,31.8763
2026-06-04,KOSPI,444,445,54,-1,-9180,22,145,10.8165,17.6034,24.5484,31.6631
2026-06-05,KOSPI,223,670,50,-447,-9627,16,181,8.6957,15.0583,22.1041,29.6375
2026-06-08,KOSPI,40,873,30,-833,-10460,15,346,4.666,9.1198,15.4091,23.5608
2026-06-09,KOSPI,772,130,41,642,-9818,18,73,7.8473,12.7253,18.8098,27.1855
2026-06-10,KOSPI,342,548,53,-206,-10024,17,89,8.0594,11.5589,18.8098,26.7591
2026-06-11,KOSPI,575,318,50,257,-9767,21,56,12.8314,12.3012,20.2976,28.3582
2026-06-12,KOSPI,754,144,45,610,-9157,20,24,20.9968,16.2248,23.8045,31.6631
2026-06-15,KOSPI,675,205,63,470,-8687,18,26,34.4645,20.0424,27.6008,35.9275
2026-06-16,KOSPI,517,360,66,157,-8530,23,24,42.948,21.6331,28.8747,36.7804
2026-06-17,KOSPI,349,525,69,-176,-8706,22,21,42.842,20.4666,27.6008,35.2878
2026-06-18,KOSPI,108,791,44,-683,-9389,18,48,27.8897,15.9067,22.7176,31.7697
2026-06-19,KOSPI,115,785,43,-670,-10059,19,112,16.2248,12.5133,18.896,27.5053
2026-06-22,KOSPI,148,739,56,-591,-10650,19,171,11.1347,10.4984,16.5605,25.0533
2026-06-23,KOSPI,45,857,41,-812,-11462,13,335,6.4687,7.3171,11.8896,18.8699
2026-06-24,KOSPI,514,367,62,147,-11315,13,160,9.3319,7.6352,12.6327,19.1898
2026-06-25,KOSPI,289,589,65,-300,-11615,14,237,10.9226,7.8473,12.4204,18.5501
2026-06-26,KOSPI,110,780,53,-670,-12285,13,360,8.3775,7.5292,11.465,16.7377
2026-06-29,KOSPI,819,88,36,731,-11554,12,35,19.7243,8.8017,13.5881,21.0021
2026-06-30,KOSPI,262,623,58,-361,-11915,14,45,18.1336,9.8621,13.8004,20.4691
2026-07-01,KOSPI,700,193,50,507,-11408,15,32,28.3139,11.7709,16.4544,23.2409
2026-07-02,KOSPI,280,616,47,-336,-11744,13,44,26.193,11.1347,14.6497,21.5352
2026-07-03,KOSPI,589,297,57,292,-11452,13,29,32.3436,10.7105,15.3928,22.7079
2026-07-06,KOSPI,464,412,67,52,-11400,16,30,38.4942,13.2556,16.9851,23.774
2026-07-07,KOSPI,358,512,73,-154,-11554,15,48,38.176,13.3616,16.7728,22.1748
2026-07-08,KOSPI,125,765,53,-640,-12194,15,94,28.632,11.4528,14.3312,20.1493
2026-07-09,KOSPI,237,652,54,-415,-12609,14,101,21.7391,9.9682,12.845,18.6567
2026-07-10,KOSPI,802,92,49,710,-11899,18,22,36.0551,12.3012,15.4989,21.855
2026-07-13,KOSPI,179,716,48,-537,-12436,17,70,29.0562,10.2863,13.3758,19.6162
2026-07-14,KOSPI,219,662,62,-443,-12879,15,108,26.087,9.7561,11.8896,17.5906
2026-07-15,KOSPI,711,169,63,542,-12337,18,42,36.2672,12.9374,14.9682,20.1493
2026-07-16,KOSPI,384,488,71,-104,-12441,22,55,41.2513,13.5737,14.0127,19.0832
2026-07-20,KOSPI,97,799,47,-702,-13143,17,164,28.526,10.2863,10.7219,16.4179
2026-07-21,KOSPI,485,382,76,103,-13040,15,109,26.9353,10.9226,10.4034,16.4179
2026-07-22,KOSPI,469,399,75,70,-12970,16,77,27.6776,10.6045,11.2527,17.484
2026-07-23,KOSPI,831,74,38,757,-12213,22,20,52.28,14.316,14.6497,21.4286
2026-07-24,KOSPI,1,3,1,-2,-12215,0,0,40.0,20.0,0.0,
