name,ticker,saved_at
한솔테크닉스,004710,2026-06-25 02:43:44
세진중공업,075580,2026-06-25 02:44:54
티에스이,131290,2026-07-15 12:18:11
마이크로컨텍솔,098120,2026-07-15 12:18:32
경동나비엔,009450,2026-07-15 12:19:02
네오셈,253590,2026-07-15 12:19:11
대한항공,003490,2026-07-15 12:19:22
동진쎄미켐,005290,2026-07-15 12:19:38
두산테스나,131970,2026-07-15 12:20:06
디아이,003160,2026-07-15 12:20:19
디아이티,110990,2026-07-15 12:20:31
디케이티,290550,2026-07-15 12:20:41
롯데관광개발,032350,2026-07-15 12:20:54
브이엠,089970,2026-07-15 12:21:26
비에이치,090460,2026-07-15 12:21:35
비에이치아이,083650,2026-07-15 12:21:37
산일전기,062040,2026-07-15 12:21:45
솔브레인,357780,2026-07-15 12:21:57
실리콘투,257720,2026-07-15 12:22:04
심텍,222800,2026-07-15 12:22:15
싸이맥스,160980,2026-07-15 12:22:22
에스앤에스텍,101490,2026-07-15 12:22:44
에스티아이,039440,2026-07-15 12:22:56
에프에스티,036810,2026-07-15 12:23:10
엑시콘,092870,2026-07-15 12:23:23
엘티씨,170920,2026-07-15 12:23:40
엠케이전자,033160,2026-07-15 12:24:16
와이씨,232140,2026-07-15 12:24:28
원익IPS,240810,2026-07-15 12:24:37
원익QnC,074600,2026-07-15 12:24:51
유진테크,084370,2026-07-15 12:25:02
이엔에프테크놀로지,102710,2026-07-15 12:25:10
이오테크닉스,039030,2026-07-15 12:25:20
제이앤티씨,204270,2026-07-15 12:25:30
제이티,089790,2026-07-15 12:25:41
제주반도체,080220,2026-07-15 12:25:50
주성엔지니어링,036930,2026-07-15 12:26:03
케이씨텍,281820,2026-07-15 12:26:11
코미코,183300,2026-07-15 12:26:20
테크윙,089030,2026-07-15 12:26:36
티씨케이,064760,2026-07-15 12:26:46
파두,440110,2026-07-15 12:27:15
파라다이스,034230,2026-07-15 12:27:29
파마리서치,214450,2026-07-15 12:27:37
펌텍코리아,251970,2026-07-15 12:27:47
피에스케이,319660,2026-07-15 12:27:59
필옵틱스,161580,2026-07-15 12:28:06
하나마이크론,067310,2026-07-15 12:28:17
하나머티리얼즈,166090,2026-07-15 12:28:27
하이록코리아,013030,2026-07-15 12:28:56
한국카본,017960,2026-07-15 12:29:05
한국항공우주,047810,2026-07-15 12:29:15
한양디지텍,078350,2026-07-15 12:29:32
한화엔진,082740,2026-07-15 12:29:40
해성디에스,195870,2026-07-15 12:29:50
CJ,001040,2026-07-15 12:30:00
DB하이텍,000990,2026-07-15 12:30:09
HD한국조선해양,009540,2026-07-15 12:30:16
