name,ticker,year,quarter,period,period_end,revenue,operating_income,net_income,equity,operating_margin,fs_div
한솔테크닉스,004710,2017,1,2017Q1,2017-03-31,185724143554.0,6142826423.0,3616317480.0,214031200022.0,3.307500201886218,CFS
한솔테크닉스,004710,2017,2,2017Q2,2017-06-30,16754100226.0,799890160.0,132090743.0,210141272888.0,4.774294943984418,CFS
한솔테크닉스,004710,2017,3,2017Q3,2017-09-30,28591587485.0,4464338990.0,5570574702.0,220067407409.0,15.614169700588068,CFS
한솔테크닉스,004710,2017,4,2017Q4,2017-12-31,603369248263.0,19049061207.0,9363861476.0,213351318407.0,3.157115027296981,CFS
한솔테크닉스,004710,2018,1,2018Q1,2018-03-31,176546869115.0,5356565174.0,3075189163.0,217602015652.0,3.034075427591306,CFS
한솔테크닉스,004710,2018,2,2018Q2,2018-06-30,-2508333096.0,-3203307189.0,-4281205602.0,221377729146.0,127.70661098034645,CFS
한솔테크닉스,004710,2018,3,2018Q3,2018-09-30,31654659209.0,4905255231.0,5734742983.0,225572770104.0,15.49615555363599,CFS
한솔테크닉스,004710,2018,4,2018Q4,2018-12-31,545552542654.0,8500971897.0,-24448762017.0,201851320148.0,1.558231560180168,CFS
한솔테크닉스,004710,2019,1,2019Q1,2019-03-31,211042301880.0,6886000316.0,4758656587.0,209931312455.0,3.2628531126974836,CFS
한솔테크닉스,004710,2019,2,2019Q2,2019-06-30,-5187777366.0,1269362154.0,1748574799.0,220132587045.0,-24.468323608473064,CFS
한솔테크닉스,004710,2019,3,2019Q3,2019-09-30,30319168680.0,3885915583.0,1036899825.0,282564379380.0,12.816695681908122,CFS
한솔테크닉스,004710,2019,4,2019Q4,2019-12-31,619120436645.0,13425105314.0,-1100307598.0,261842264520.0,2.1684157910777992,CFS
한솔테크닉스,004710,2020,1,2020Q1,2020-03-31,196637743746.0,10846360660.0,11233832275.0,278581959387.0,5.51590984181064,CFS
한솔테크닉스,004710,2020,2,2020Q2,2020-06-30,50348919390.0,526438524.0,-3730031726.0,285223713854.0,1.0455805812280414,CFS
한솔테크닉스,004710,2020,3,2020Q3,2020-09-30,67050377027.0,3375546661.0,-2626897518.0,285412978351.0,5.03434404200401,CFS
한솔테크닉스,004710,2020,4,2020Q4,2020-12-31,880855107021.0,17711841810.0,21308915002.0,279102969899.0,2.0107554203665123,CFS
한솔테크닉스,004710,2021,1,2021Q1,2021-03-31,306171518011.0,2259101947.0,3264652982.0,287108599545.0,0.737855030303255,CFS
한솔테크닉스,004710,2021,2,2021Q2,2021-06-30,44733123754.0,1852535338.0,-3178891577.0,285853365126.0,4.141305552877577,CFS
한솔테크닉스,004710,2021,3,2021Q3,2021-09-30,40410231496.0,-6998299208.0,-3701407075.0,287789741746.0,-17.31813688989316,CFS
한솔테크닉스,004710,2021,4,2021Q4,2021-12-31,1099306114508.0,-1369208269.0,-5730204475.0,278276252348.0,-0.12455204705313552,CFS
한솔테크닉스,004710,2022,1,2022Q1,2022-03-31,462035542001.0,10745971338.0,5208661241.0,398074825751.0,2.32578889742139,CFS
한솔테크닉스,004710,2022,2,2022Q2,2022-06-30,-115375750543.0,3583500194.0,413971437.0,411664885980.0,-3.1059387931473923,CFS
한솔테크닉스,004710,2022,3,2022Q3,2022-09-30,45760357858.0,6628605808.0,10849223624.0,441457016074.0,14.485476334274693,CFS
한솔테크닉스,004710,2022,4,2022Q4,2022-12-31,1254971498986.0,34146882497.0,16155344794.0,440026250016.0,2.720928923452861,CFS
한솔테크닉스,004710,2023,1,2023Q1,2023-03-31,412007565445.0,16721635206.0,14269349318.0,455343080533.0,4.058574795329144,CFS
한솔테크닉스,004710,2023,2,2023Q2,2023-06-30,-33599220090.0,1021464746.0,-4921457947.0,462373915330.0,-3.0401442154427105,CFS
한솔테크닉스,004710,2023,3,2023Q3,2023-09-30,63376057346.0,3920397215.0,15658551492.0,490493981861.0,6.1859279027041545,CFS
한솔테크닉스,004710,2023,4,2023Q4,2023-12-31,860894700011.0,27273920909.0,13966829000.0,474674770896.0,3.1680902331785186,CFS
한솔테크닉스,004710,2024,1,2024Q1,2024-03-31,268094697229.0,12494984983.0,11599415358.0,485759593793.0,4.660660994845074,CFS
한솔테크닉스,004710,2024,2,2024Q2,2024-06-30,14371434976.0,-2519185507.0,722600664.0,502354215532.0,-17.529115994380433,CFS
한솔테크닉스,004710,2024,3,2024Q3,2024-09-30,42002097904.0,-166058717.0,-6430230094.0,507159113903.0,-0.39535814944182984,CFS
한솔테크닉스,004710,2024,4,2024Q4,2024-12-31,716321446097.0,23544843359.0,17285065570.0,512372272804.0,3.286910295271503,CFS
한솔테크닉스,004710,2025,1,2025Q1,2025-03-31,284087892138.0,19300919104.0,16316928366.0,523938229004.0,6.793995674628853,CFS
한솔테크닉스,004710,2025,2,2025Q2,2025-06-30,-35218550699.0,-6510324559.0,-7819732028.0,521133693677.0,18.48549820985352,CFS
한솔테크닉스,004710,2025,3,2025Q3,2025-09-30,28226623512.0,4876261912.0,4319860022.0,501510343604.0,17.275399269512175,CFS
한솔테크닉스,004710,2025,4,2025Q4,2025-12-31,791091554668.0,2748833743.0,-12262874573.0,492683967731.0,0.34747352904729367,CFS
한솔테크닉스,004710,2026,1,2026Q1,2026-03-31,267848462766.0,14106771198.0,11723021260.0,503957518431.0,5.266698584835289,CFS
세진중공업,075580,2017,1,2017Q1,2017-03-31,78685047147.0,2279601028.0,2279601028.0,156679336729.0,2.8971210041232256,CFS
세진중공업,075580,2017,2,2017Q2,2017-06-30,-12765829850.0,-1358716075.0,-1358716075.0,157656836381.0,10.643382302326392,CFS
세진중공업,075580,2017,3,2017Q3,2017-09-30,-24715838850.0,-558864380.0,-558864380.0,158268912869.0,2.261158860080527,CFS
세진중공업,075580,2017,4,2017Q4,2017-12-31,191760221499.0,1505573296.0,1505573296.0,157012034629.0,0.7851332691581456,CFS
세진중공업,075580,2018,1,2018Q1,2018-03-31,37509407592.0,-2449757783.0,-3334305471.0,152643738659.0,-6.531048982822337,CFS
세진중공업,075580,2018,2,2018Q2,2018-06-30,8803514261.0,5379644256.0,4407124283.0,153742708017.0,61.10791777588285,CFS
세진중공업,075580,2018,3,2018Q3,2018-09-30,8925392739.0,603522336.0,1698467467.0,156490168118.0,6.761857473933619,CFS
세진중공업,075580,2018,4,2018Q4,2018-12-31,162984046481.0,4846198794.0,-1003097893.0,158369457341.0,2.9734191159408656,CFS
세진중공업,075580,2019,1,2019Q1,2019-03-31,58159850737.0,3023593861.0,1478310217.0,157810858239.0,5.198764822614059,CFS
세진중공업,075580,2019,2,2019Q2,2019-06-30,24238410030.0,1817496200.0,729832874.0,160155078288.0,7.498413459259398,CFS
세진중공업,075580,2019,3,2019Q3,2019-09-30,-11524773207.0,-2543569390.0,-1265859374.0,160274556250.0,22.070450709217155,CFS
세진중공업,075580,2019,4,2019Q4,2019-12-31,224982049761.0,7057054058.0,2154149683.0,162334095484.0,3.1367187140026314,CFS
세진중공업,075580,2020,1,2020Q1,2020-03-31,61419267897.0,-1794572581.0,-1777049151.0,156726081057.0,-2.9218397458098897,CFS
세진중공업,075580,2020,2,2020Q2,2020-06-30,26221448114.0,-2338131570.0,-1778628045.0,152010594407.0,-8.916866680416627,CFS
세진중공업,075580,2020,3,2020Q3,2020-09-30,-36996811519.0,12668398076.0,12497656187.0,160847519943.0,-34.24186451714642,CFS
세진중공업,075580,2020,4,2020Q4,2020-12-31,234920804198.0,-6683684596.0,-5658027405.0,161164754010.0,-2.8450799063188725,CFS
세진중공업,075580,2021,1,2021Q1,2021-03-31,54529408891.0,31480753495.0,31490279144.0,182480533374.0,57.73169769349151,CFS
세진중공업,075580,2021,2,2021Q2,2021-06-30,-8740819219.0,-36574170413.0,-41017959777.0,191170922111.0,418.42954872580344,CFS
세진중공업,075580,2021,3,2021Q3,2021-09-30,-4894662633.0,6085191179.0,11330454222.0,193108478206.0,-124.32299496952888,CFS
세진중공업,075580,2021,4,2021Q4,2021-12-31,187149554453.0,15388620574.0,12257224996.0,203194732371.0,8.222632759654598,CFS
세진중공업,075580,2022,1,2022Q1,2022-03-31,141186127891.0,-7956778860.0,-8125140037.0,187963204819.0,-5.635666179713404,CFS
세진중공업,075580,2022,2,2022Q2,2022-06-30,-52313697260.0,20124469480.0,18512773336.0,199239261281.0,-38.468834232803374,CFS
세진중공업,075580,2022,3,2022Q3,2022-09-30,-19411657923.0,-8864884546.0,-6191431548.0,203991076560.0,45.66783827102371,CFS
세진중공업,075580,2022,4,2022Q4,2022-12-31,340592893871.0,8310884669.0,9161363127.0,209345312736.0,2.440122744354073,CFS
세진중공업,075580,2023,1,2023Q1,2023-03-31,72913553437.0,-6547565369.0,-6054529292.0,194342892099.0,-8.979901623718474,CFS
세진중공업,075580,2023,2,2023Q2,2023-06-30,20896515742.0,27741843630.0,19523523391.0,209695749102.0,132.75822616801872,CFS
세진중공업,075580,2023,3,2023Q3,2023-09-30,-11475188390.0,-21377714817.0,-10224272738.0,212083663582.0,186.2951098530941,CFS
세진중공업,075580,2023,4,2023Q4,2023-12-31,302461565063.0,16412356376.0,19485606060.0,231686076362.0,5.426261803737428,CFS
세진중공업,075580,2024,1,2024Q1,2024-03-31,76060989063.0,-118327532.0,2603332117.0,233100330648.0,-0.15556927862454084,CFS
세진중공업,075580,2024,2,2024Q2,2024-06-30,-8598583655.0,5350514745.0,-867903082.0,234694127681.0,-62.225535735629244,CFS
세진중공업,075580,2024,3,2024Q3,2024-09-30,544528625.0,-3795268652.0,-2855835627.0,232932405272.0,-696.9823950026503,CFS
세진중공업,075580,2024,4,2024Q4,2024-12-31,225842088344.0,8506561017.0,23141861276.0,249391451944.0,3.7665968639303884,CFS
세진중공업,075580,2025,1,2025Q1,2025-03-31,98495969479.0,17800868936.0,13181259716.0,251374642971.0,18.072687674590853,CFS
세진중공업,075580,2025,2,2025Q2,2025-06-30,-324737706.0,-9036408708.0,-8351107280.0,256598574869.0,2782.679233436477,CFS
세진중공업,075580,2025,3,2025Q3,2025-09-30,-7803612398.0,3379106051.0,5211141133.0,267886215819.0,-43.30181816649474,CFS
세진중공업,075580,2025,4,2025Q4,2025-12-31,312318641351.0,-10899185420.0,49803174584.0,299494086856.0,-3.48976461118468,CFS
세진중공업,075580,2026,1,2026Q1,2026-03-31,87243092705.0,261616282.0,15784614784.0,301440241673.0,0.29987048130517097,CFS
에스티아이,039440,2017,1,2017Q1,2017-03-31,61656033078.0,7924166746.0,4799011601.0,68794082053.0,12.85221632078611,CFS
에스티아이,039440,2017,2,2017Q2,2017-06-30,5491776012.0,1569301149.0,3773261857.0,76456342014.0,28.575476231567766,CFS
에스티아이,039440,2017,3,2017Q3,2017-09-30,2587653721.0,2993917693.0,1244496788.0,84347096294.0,115.70009034450712,CFS
에스티아이,039440,2017,4,2017Q4,2017-12-31,162203329590.0,20689733109.0,15423304477.0,87057583321.0,12.75543058289695,CFS
에스티아이,039440,2018,1,2018Q1,2018-03-31,66135394693.0,6735384982.0,5254240794.0,89241500972.0,10.184236464098545,CFS
에스티아이,039440,2018,2,2018Q2,2018-06-30,-3262411168.0,-835664875.0,345153111.0,150927543316.0,25.614946491012013,CFS
에스티아이,039440,2018,3,2018Q3,2018-09-30,-11197475741.0,510874462.0,699019414.0,154048527120.0,-4.562407401602247,CFS
에스티아이,039440,2018,4,2018Q4,2018-12-31,182498797701.0,15646759771.0,13453856848.0,152647457055.0,8.57362348032294,CFS
에스티아이,039440,2019,1,2019Q1,2019-03-31,54997032905.0,4503275843.0,5106964990.0,153526864030.0,8.188215991176842,CFS
에스티아이,039440,2019,2,2019Q2,2019-06-30,15133723192.0,4010003975.0,1874001802.0,160595492867.0,26.497141014973575,CFS
에스티아이,039440,2019,3,2019Q3,2019-09-30,3482782052.0,864346460.0,887294524.0,168482377494.0,24.817701684882806,CFS
에스티아이,039440,2019,4,2019Q4,2019-12-31,183852311744.0,17729372003.0,15117541093.0,167830130138.0,9.643268466314836,CFS
에스티아이,039440,2020,1,2020Q1,2020-03-31,45119123251.0,1981483845.0,2830471552.0,165526036083.0,4.391671872648995,CFS
에스티아이,039440,2020,2,2020Q2,2020-06-30,21923911265.0,3695543271.0,2725676689.0,171671197920.0,16.85622253406799,CFS
에스티아이,039440,2020,3,2020Q3,2020-09-30,3148908195.0,-487370990.0,-2111928415.0,174407903361.0,-15.477459481793499,CFS
에스티아이,039440,2020,4,2020Q4,2020-12-31,152549368404.0,10221315357.0,7300942227.0,172545702540.0,6.700332793204791,CFS
에스티아이,039440,2021,1,2021Q1,2021-03-31,34681063385.0,1147197245.0,2900454376.0,173267635576.0,3.3078491056193435,CFS
에스티아이,039440,2021,2,2021Q2,2021-06-30,12075272325.0,1217342997.0,-790478687.0,175337155777.0,10.081288141880478,CFS
에스티아이,039440,2021,3,2021Q3,2021-09-30,18572676814.0,5715287148.0,6441737337.0,183968642621.0,30.772554786996793,CFS
에스티아이,039440,2021,4,2021Q4,2021-12-31,194848193384.0,17485829781.0,14645320668.0,195151017810.0,8.974078474794753,CFS
에스티아이,039440,2022,1,2022Q1,2022-03-31,65047907118.0,5158961355.0,5065065751.0,197204449725.0,7.931018204231227,CFS
에스티아이,039440,2022,2,2022Q2,2022-06-30,31451701062.0,6216427412.0,8917573878.0,208132536578.0,19.76499585744409,CFS
에스티아이,039440,2022,3,2022Q3,2022-09-30,2929415682.0,-750430838.0,-101784736.0,222044397267.0,-25.61708270393563,CFS
에스티아이,039440,2022,4,2022Q4,2022-12-31,245355265357.0,24141520146.0,15965127298.0,219280083803.0,9.83941392530268,CFS
에스티아이,039440,2023,1,2023Q1,2023-03-31,69320896981.0,6572136689.0,8834312544.0,223111363753.0,9.48074386689102,CFS
에스티아이,039440,2023,2,2023Q2,2023-06-30,-7863172720.0,-2510338777.0,-5203061320.0,226585192561.0,31.925265619753553,CFS
에스티아이,039440,2023,3,2023Q3,2023-09-30,-6140344088.0,-2658490376.0,-1718478133.0,228568623848.0,43.29546256528939,CFS
에스티아이,039440,2023,4,2023Q4,2023-12-31,199124381221.0,22543044027.0,22162632979.0,237680507026.0,11.321086794479676,CFS
에스티아이,039440,2024,1,2024Q1,2024-03-31,54753400466.0,1985589187.0,4047030521.0,238799005321.0,3.626421683586544,CFS
에스티아이,039440,2024,2,2024Q2,2024-06-30,6677001652.0,2596772770.0,722530031.0,243542601310.0,38.891300397120226,CFS
에스티아이,039440,2024,3,2024Q3,2024-09-30,-11712599578.0,-2212887549.0,-3751509889.0,244534814601.0,18.893222928550458,CFS
에스티아이,039440,2024,4,2024Q4,2024-12-31,220035429814.0,24917889728.0,26123345651.0,260790332315.0,11.324489764699964,CFS
에스티아이,039440,2025,1,2025Q1,2025-03-31,71855183826.0,5240500681.0,3032374947.0,260861782366.0,7.29314212554249,CFS
에스티아이,039440,2025,2,2025Q2,2025-06-30,2631085544.0,144266210.0,-567466041.0,263335398288.0,5.483144032659395,CFS
에스티아이,039440,2025,3,2025Q3,2025-09-30,-18514456588.0,-3100522402.0,38011855.0,265852306937.0,16.746494217980878,CFS
에스티아이,039440,2025,4,2025Q4,2025-12-31,272086895097.0,17434729372.0,12915062105.0,286972864255.0,6.407779899059252,CFS
에스티아이,039440,2026,1,2026Q1,2026-03-31,73839621831.0,364643870.0,5107271293.0,291151604763.0,0.49383225558031235,CFS
삼성전자,005930,2017,1,2017Q1,2017-03-31,28155597000000.0,9898361000000.0,7684354000000.0,189817955000000.0,35.155926546327535,CFS
삼성전자,005930,2017,2,2017Q2,2017-06-30,4244232000000.0,4168186000000.0,3369497000000.0,200705748000000.0,98.2082506328589,CFS
삼성전자,005930,2017,3,2017Q3,2017-09-30,604290000000.0,466612000000.0,139560000000.0,210691251000000.0,77.21656820400801,CFS
삼성전자,005930,2017,4,2017Q4,2017-12-31,96286542000000.0,39111879000000.0,30993336000000.0,214491428000000.0,40.620296655788096,CFS
삼성전자,005930,2018,1,2018Q1,2018-03-31,31909472000000.0,15642170000000.0,11688544000000.0,223259880000000.0,49.02046013171262,CFS
삼성전자,005930,2018,2,2018Q2,2018-06-30,-634875000000.0,-773135000000.0,-645132000000.0,233124845000000.0,121.77751525890923,CFS
삼성전자,005930,2018,3,2018Q3,2018-09-30,3919761000000.0,2705830000000.0,2107303000000.0,242103160000000.0,69.03048425656564,CFS
삼성전자,005930,2018,4,2018Q4,2018-12-31,97200053000000.0,41311804000000.0,31194142000000.0,247753177000000.0,42.501832792210514,CFS
삼성전자,005930,2019,1,2019Q1,2019-03-31,32746452000000.0,6233282000000.0,5043585000000.0,253215151000000.0,19.03498430913981,CFS
삼성전자,005930,2019,2,2019Q2,2019-06-30,3198232000000.0,363783000000.0,136991000000.0,257747033000000.0,11.374503162997557,CFS
삼성전자,005930,2019,3,2019Q3,2019-09-30,4049206000000.0,1180827000000.0,1107088000000.0,263442244000000.0,29.161939402440872,CFS
삼성전자,005930,2019,4,2019Q4,2019-12-31,107245659000000.0,19990617000000.0,15451201000000.0,262880421000000.0,18.64002439483355,CFS
삼성전자,005930,2020,1,2020Q1,2020-03-31,34806694000000.0,6447345000000.0,4884926000000.0,266387723000000.0,18.523290376270726,CFS
삼성전자,005930,2020,2,2020Q2,2020-06-30,-2900496000000.0,1698947000000.0,670157000000.0,269807817000000.0,-58.574361074795476,CFS
삼성전자,005930,2020,3,2020Q3,2020-09-30,8064278000000.0,4206946000000.0,3805610000000.0,276136188000000.0,52.167670806983594,CFS
삼성전자,005930,2020,4,2020Q4,2020-12-31,104517820000000.0,23640638000000.0,17047139000000.0,275948016000000.0,22.61876300137144,CFS
삼성전자,005930,2021,1,2021Q1,2021-03-31,41499985000000.0,9382868000000.0,7141685000000.0,274268591000000.0,22.609328653974213,CFS
삼성전자,005930,2021,2,2021Q2,2021-06-30,-4434054000000.0,3183877000000.0,2492801000000.0,282324266000000.0,-71.80510205784594,CFS
삼성전자,005930,2021,3,2021Q3,2021-09-30,5832940000000.0,3250786000000.0,2658845000000.0,296766118000000.0,55.73151789663532,CFS
삼성전자,005930,2021,4,2021Q4,2021-12-31,123512471000000.0,35816325000000.0,27614119000000.0,304899931000000.0,28.998144648891365,CFS
삼성전자,005930,2022,1,2022Q1,2022-03-31,47072057000000.0,14121409000000.0,11324628000000.0,315290919000000.0,29.99955791182017,CFS
삼성전자,005930,2022,2,2022Q2,2022-06-30,-802309000000.0,-24364000000.0,-225823000000.0,327906664000000.0,3.0367352229627236,CFS
삼성전자,005930,2022,3,2022Q3,2022-09-30,1802489000000.0,-3245000000000.0,-1709607000000.0,344906889000000.0,-180.0288379013686,CFS
삼성전자,005930,2022,4,2022Q4,2022-12-31,141969533000000.0,32524585000000.0,46264879000000.0,354749604000000.0,22.909552713679773,CFS
삼성전자,005930,2023,1,2023Q1,2023-03-31,46007093000000.0,640178000000.0,1574600000000.0,359799416000000.0,1.3914767446836946,CFS
삼성전자,005930,2023,2,2023Q2,2023-06-30,-4359903000000.0,28369000000.0,148971000000.0,358975626000000.0,-0.6506796137437002,CFS
삼성전자,005930,2023,3,2023Q3,2023-09-30,4971536000000.0,1764987000000.0,4120600000000.0,363892643000000.0,35.50184490266187,CFS
삼성전자,005930,2023,4,2023Q4,2023-12-31,133769854000000.0,4133442000000.0,9642929000000.0,363677865000000.0,3.08996524732695,CFS
삼성전자,005930,2024,1,2024Q1,2024-03-31,71915601000000.0,6606009000000.0,6754708000000.0,371916124000000.0,9.185780148037697,CFS
삼성전자,005930,2024,2,2024Q2,2024-06-30,2152701000000.0,3837869000000.0,3086637000000.0,383526671000000.0,178.2815634869868,CFS
삼성전자,005930,2024,3,2024Q3,2024-09-30,5030429000000.0,-1260507000000.0,259559000000.0,386281363000000.0,-25.057644188994615,CFS
삼성전자,005930,2024,4,2024Q4,2024-12-31,221772172000000.0,23542590000000.0,24350447000000.0,402192070000000.0,10.615664619995695,CFS
삼성전자,005930,2025,1,2025Q1,2025-03-31,79140503000000.0,6685272000000.0,8222878000000.0,406614269000000.0,8.447345855256948,CFS
삼성전자,005930,2025,2,2025Q2,2025-06-30,-4574186000000.0,-2009215000000.0,-3106443000000.0,399561967000000.0,43.925083063959356,CFS
삼성전자,005930,2025,3,2025Q3,2025-09-30,11495430000000.0,7490005000000.0,7109312000000.0,413501494000000.0,65.15637083606268,CFS
삼성전자,005930,2025,4,2025Q4,2025-12-31,247544191000000.0,31434989000000.0,32981058000000.0,436320337000000.0,12.698738303255114,CFS
삼성전자,005930,2026,1,2026Q1,2026-03-31,133873444000000.0,57232797000000.0,47225272000000.0,486635976000000.0,42.751419019294076,CFS
HD건설기계,267270,2017,2,2017Q2,2017-06-30,683219975167.0,35789771816.0,26832326110.0,781206022293.0,5.238396580435442,CFS
HD건설기계,267270,2017,3,2017Q3,2017-09-30,-197072345167.0,8432364184.0,5770091890.0,813784904000.0,-4.278816582232467,CFS
HD건설기계,267270,2017,4,2017Q4,2017-12-31,1400599035000.0,51010577000.0,14006291000.0,1170937644000.0,3.6420542728704652,CFS
HD건설기계,267270,2018,1,2018Q1,2018-03-31,930459283000.0,61805890000.0,49765845000.0,1510274363000.0,6.642514200161943,CFS
HD건설기계,267270,2018,2,2018Q2,2018-06-30,-7734452000.0,13337828000.0,-2048038000.0,1580205678000.0,-172.44696844715048,CFS
HD건설기계,267270,2018,3,2018Q3,2018-09-30,-330596233000.0,-37887938000.0,-36709578000.0,1565656490000.0,11.460486907604903,CFS
HD건설기계,267270,2018,4,2018Q4,2018-12-31,2097268047000.0,171476689000.0,130047163000.0,1568166975000.0,8.176193274163778,CFS
HD건설기계,267270,2019,1,2019Q1,2019-03-31,797976501000.0,62732129000.0,52209339000.0,1588536503000.0,7.861400545177206,CFS
HD건설기계,267270,2019,2,2019Q2,2019-06-30,42387692000.0,-12335752000.0,-60418538000.0,1581679341000.0,-29.102202592205302,CFS
HD건설기계,267270,2019,3,2019Q3,2019-09-30,-200683276000.0,-12612662000.0,33993468000.0,1610980958000.0,6.284859531593455,CFS
HD건설기계,267270,2019,4,2019Q4,2019-12-31,2212458246000.0,120008813000.0,25096935000.0,1577143246000.0,5.424229506566697,CFS
HD건설기계,267270,2020,1,2020Q1,2020-03-31,636283178000.0,10668095000.0,1161823000.0,1594075561000.0,1.6766269121765154,CFS
HD건설기계,267270,2020,2,2020Q2,2020-06-30,32141149000.0,31285593000.0,17913109000.0,1598050964000.0,97.3381287644695,CFS
HD건설기계,267270,2020,3,2020Q3,2020-09-30,-44281768000.0,-15679358000.0,-13750695000.0,1612446763000.0,35.408157144945065,CFS
HD건설기계,267270,2020,4,2020Q4,2020-12-31,1993392993000.0,65295228000.0,3180437000.0,1587532834000.0,3.275582297584609,CFS
HD건설기계,267270,2021,1,2021Q1,2021-03-31,964899041000.0,79697461000.0,59442693000.0,1660798379000.0,8.259668381202175,CFS
HD건설기계,267270,2021,2,2021Q2,2021-06-30,-12330460000.0,-8979926000.0,6100649000.0,1735084438000.0,72.82717757488366,CFS
HD건설기계,267270,2021,3,2021Q3,2021-09-30,-138786255000.0,-27677137000.0,-32317917000.0,1792785314000.0,19.942275263497816,CFS
HD건설기계,267270,2021,4,2021Q4,2021-12-31,2470557297000.0,117668438000.0,76547771000.0,1547807571000.0,4.762829752739792,CFS
HD건설기계,267270,2022,1,2022Q1,2022-03-31,932387458000.0,46699977000.0,51074575000.0,1627139674000.0,5.008644914655212,CFS
HD건설기계,267270,2022,2,2022Q2,2022-06-30,-57316948000.0,-9957991000.0,-34096773000.0,1648472633000.0,17.37355415365103,CFS
HD건설기계,267270,2022,3,2022Q3,2022-09-30,-315151000.0,26278700000.0,36525601000.0,1714230550000.0,-8338.447284000367,CFS
HD건설기계,267270,2022,4,2022Q4,2022-12-31,2640856562000.0,107589339000.0,45903241000.0,1667286941000.0,4.074031908742494,CFS
HD건설기계,267270,2023,1,2023Q1,2023-03-31,1018272707000.0,80001340000.0,69501593000.0,1734415661000.0,7.856573140970968,CFS
HD건설기계,267270,2023,2,2023Q2,2023-06-30,13838875000.0,16550869000.0,-1870577000.0,1781290866000.0,119.59692532810651,CFS
HD건설기계,267270,2023,3,2023Q3,2023-09-30,-103389517000.0,-42701716000.0,-34476577000.0,1821840737000.0,41.30178497690438,CFS
HD건설기계,267270,2023,4,2023Q4,2023-12-31,2171685368000.0,203377944000.0,94297244000.0,1771073331000.0,9.36498200875662,CFS
HD건설기계,267270,2024,1,2024Q1,2024-03-31,803585185000.0,53620608000.0,45812093000.0,1804703012000.0,6.67267254311066,CFS
HD건설기계,267270,2024,2,2024Q2,2024-06-30,-117307236000.0,4935967000.0,-15186237000.0,1809527554000.0,-4.207725941134612,CFS
HD건설기계,267270,2024,3,2024Q3,2024-09-30,-36027541000.0,-15566103000.0,-19176043000.0,1815224704000.0,43.20612111717533,CFS
HD건설기계,267270,2024,4,2024Q4,2024-12-31,2136986929000.0,147431142000.0,74516917000.0,1793830435000.0,6.899019362228397,CFS
HD건설기계,267270,2025,1,2025Q1,2025-03-31,728665749000.0,41650646000.0,25651621000.0,1828663656000.0,5.716015341349604,CFS
HD건설기계,267270,2025,2,2025Q2,2025-06-30,46586028000.0,-1607091000.0,-25030976000.0,1832123508000.0,-3.449727459057037,CFS
HD건설기계,267270,2025,3,2025Q3,2025-09-30,-13082234000.0,15770228000.0,41632261000.0,1903137478000.0,-120.5469035334485,CFS
HD건설기계,267270,2025,4,2025Q4,2025-12-31,2283598290000.0,115069223000.0,44781989000.0,1930295930000.0,5.038943298560624,CFS
HD건설기계,267270,2026,1,2026Q1,2026-03-31,1743652468000.0,190698553000.0,173870816000.0,4829780094000.0,10.936729451525085,CFS
파마리서치,214450,2017,1,2017Q1,2017-03-31,12445331004.0,5226059787.0,4542387814.0,171412934643.0,41.992131710440766,CFS
파마리서치,214450,2017,2,2017Q2,2017-06-30,255021460.0,-1400233867.0,-882373045.0,175283441143.0,-549.0651127948213,CFS
파마리서치,214450,2017,3,2017Q3,2017-09-30,-7886789135.0,1995300411.0,1569639094.0,183593051827.0,-25.29927422739444,CFS
파마리서치,214450,2017,4,2017Q4,2017-12-31,49656194562.0,9022465273.0,7287035495.0,182151577892.0,18.169868538223728,CFS
파마리서치,214450,2018,1,2018Q1,2018-03-31,14494405943.0,4546698382.0,4207934402.0,190451651991.0,31.368642494767474,CFS
파마리서치,214450,2018,2,2018Q2,2018-06-30,-14217425781.0,-2748959540.0,-3058382579.0,208593620689.0,19.335142538065345,CFS
파마리서치,214450,2018,3,2018Q3,2018-09-30,-13883146.0,-413930424.0,-881234599.0,209618591841.0,2981.5318804541853,CFS
파마리서치,214450,2018,4,2018Q4,2018-12-31,926435622.0,7320632477.0,10997044412.0,218873861012.0,790.1933284037733,CFS
파마리서치,214450,2019,1,2019Q1,2019-03-31,346080154.0,4907524581.0,4348415433.0,218860803591.0,1418.0312058575887,CFS
파마리서치,214450,2019,2,2019Q2,2019-06-30,-30973381.0,-761702782.0,-1308502347.0,223381492953.0,2459.2174228573886,CFS
파마리서치,214450,2019,3,2019Q3,2019-09-30,1598298.0,-519872396.0,161527457.0,225481156124.0,-32526.624947287677,CFS
파마리서치,214450,2019,4,2019Q4,2019-12-31,2175336598.0,15436411175.0,11649216960.0,228423566993.0,709.6102363740952,CFS
파마리서치,214450,2020,1,2020Q1,2020-03-31,601202000.0,4550512159.0,4169119863.0,232037669901.0,756.902365427926,CFS
파마리서치,214450,2020,2,2020Q2,2020-06-30,206023308.0,3497942589.0,5378087886.0,241599325699.0,1697.838280026064,CFS
파마리서치,214450,2020,3,2020Q3,2020-09-30,-274248097.0,1431187812.0,-2311862763.0,248801051225.0,-521.8587941560082,CFS
파마리서치,214450,2020,4,2020Q4,2020-12-31,108212944667.0,23946229385.0,25216877480.0,264411450697.0,22.12880303616995,CFS
파마리서치,214450,2021,1,2021Q1,2021-03-31,34537958087.0,12291981680.0,12339650393.0,281425028446.0,35.58977531050589,CFS
파마리서치,214450,2021,2,2021Q2,2021-06-30,4256430101.0,1620423790.0,-872762845.0,292984479698.0,38.07001998269159,CFS
파마리서치,214450,2021,3,2021Q3,2021-09-30,-91807753.0,-260953802.0,1820380337.0,306203906223.0,284.2393953373415,CFS
파마리서치,214450,2021,4,2021Q4,2021-12-31,115380317459.0,38837444369.0,33401387825.0,328358725431.0,33.66037225785997,CFS
파마리서치,214450,2022,1,2022Q1,2022-03-31,45268535452.0,15234682035.0,9315936795.0,330738835736.0,33.65402013315392,CFS
파마리서치,214450,2022,2,2022Q2,2022-06-30,4431772423.0,2157167227.0,463800298.0,340043550727.0,48.6750451310347,CFS
파마리서치,214450,2022,3,2022Q3,2022-09-30,-3525640312.0,-873206945.0,6830166268.0,359238539406.0,24.767329271449515,CFS
파마리서치,214450,2022,4,2022Q4,2022-12-31,148583976371.0,49397509514.0,26824200534.0,371656045678.0,33.245515916641736,CFS
파마리서치,214450,2023,1,2023Q1,2023-03-31,55442360591.0,20739374899.0,18327114731.0,385606183390.0,37.407092118596836,CFS
파마리서치,214450,2023,2,2023Q2,2023-06-30,11355774107.0,2908035672.0,-3143637454.0,415466176368.0,25.60843183915934,CFS
파마리서치,214450,2023,3,2023Q3,2023-09-30,2007366878.0,3847444249.0,13012371174.0,444920138180.0,191.66622161432315,CFS
파마리서치,214450,2023,4,2023Q4,2023-12-31,192205408988.0,64762931808.0,49068804004.0,462194597084.0,33.69464582135842,CFS
파마리서치,214450,2024,1,2024Q1,2024-03-31,74716536142.0,26668362059.0,18305286876.0,470867168621.0,35.69271735016776,CFS
파마리서치,214450,2024,2,2024Q2,2024-06-30,8390045478.0,4092336784.0,10412906012.0,508300707292.0,48.77609775454425,CFS
파마리서치,214450,2024,3,2024Q3,2024-09-30,6102209723.0,4162563831.0,-3205712707.0,542211127535.0,68.21404081394927,CFS
파마리서치,214450,2024,4,2024Q4,2024-12-31,260906277298.0,91127494447.0,63430555439.0,569440798163.0,34.92729089952737,CFS
파마리서치,214450,2025,1,2025Q1,2025-03-31,116909970307.0,86521878.0,36026848814.0,594050222681.0,0.07400727052859364,CFS
파마리서치,214450,2025,2,2025Q2,2025-06-30,23697477159.0,2475913.0,6017986372.0,637474666633.0,0.01044800247464182,CFS
파마리서치,214450,2025,3,2025Q3,2025-09-30,-5181036467.0,169022825.0,8808074497.0,688775854917.0,-3.262336138272157,CFS
파마리서치,214450,2025,4,2025Q4,2025-12-31,400862707813.0,3814802034.0,114268046776.0,723877585619.0,0.9516480230382472,CFS
파마리서치,214450,2026,1,2026Q1,2026-03-31,146100260508.0,462408612.0,48748490607.0,732476193901.0,0.31650088123879827,CFS
삼성전기,009150,2017,1,2017Q1,2017-03-31,1570464666142.0,25537393155.0,4375008368.0,4260882020148.0,1.6261042801895762,CFS
삼성전기,009150,2017,2,2017Q2,2017-06-30,139416671897.0,45135220752.0,,4407752977647.0,32.374335248330674,CFS
삼성전기,009150,2017,3,2017Q3,2017-09-30,131257782875.0,32490072204.0,67484358385.0,4458394947580.0,24.752872928640805,CFS
삼성전기,009150,2017,4,2017Q4,2017-12-31,4997335012485.0,203040742451.0,89879740427.0,4331491386330.0,4.062980407431899,CFS
삼성전기,009150,2018,1,2018Q1,2018-03-31,2018773532057.0,154006514214.0,111202617571.0,4491693259432.0,7.62871673164237,CFS
삼성전기,009150,2018,2,2018Q2,2018-06-30,-209001824945.0,52803338479.0,10772295093.0,4543016653582.0,-25.26453464839146,CFS
삼성전기,009150,2018,3,2018Q3,2018-09-30,556525667437.0,198143821912.0,124193512560.0,4781131282094.0,35.603716684717035,CFS
삼성전기,009150,2018,4,2018Q4,2018-12-31,5826725878445.0,613099124981.0,438850088978.0,4946497556259.0,10.522189266686768,CFS
삼성전기,009150,2019,1,2019Q1,2019-03-31,2130551645830.0,190285844605.0,133039892971.0,5057347616230.0,8.931294623973795,CFS
삼성전기,009150,2019,2,2019Q2,2019-06-30,-172803951656.0,-45121857480.0,-80634634556.0,5384929790424.0,26.111588911938693,CFS
삼성전기,009150,2019,3,2019Q3,2019-09-30,314363459402.0,35003071418.0,56998466118.0,5513020930666.0,11.134586533875416,CFS
삼성전기,009150,2019,4,2019Q4,2019-12-31,5768706492211.0,553801783917.0,418644826503.0,5430096885508.0,9.600103327578758,CFS
삼성전기,009150,2020,1,2020Q1,2020-03-31,2224466256261.0,164558544871.0,133184216331.0,5511966956299.0,7.397664244527524,CFS
삼성전기,009150,2020,2,2020Q2,2020-06-30,-412255778212.0,-68561731655.0,-87491309341.0,5559802544135.0,16.630872210538804,CFS
삼성전기,009150,2020,3,2020Q3,2020-09-30,475686468688.0,206478797332.0,194303558850.0,5787655644230.0,43.40648955213991,CFS
삼성전기,009150,2020,4,2020Q4,2020-12-31,5920841361274.0,526655067729.0,383814712001.0,5910395939497.0,8.89493630370935,CFS
삼성전기,009150,2021,1,2021Q1,2021-03-31,2371948705221.0,331479373704.0,242726322558.0,6154161177818.0,13.974980697279257,CFS
삼성전기,009150,2021,2,2021Q2,2021-06-30,103556602701.0,7855771606.0,-8155071416.0,6407706054744.0,7.585968833568292,CFS
삼성전기,009150,2021,3,2021Q3,2021-09-30,213193784730.0,118492220168.0,118896126745.0,6862959295908.0,55.57958470415302,CFS
삼성전기,009150,2021,4,2021Q4,2021-12-31,6986337035074.0,1029045468326.0,561965074808.0,6871125642811.0,14.72939915666551,CFS
삼성전기,009150,2022,1,2022Q1,2022-03-31,2616765576038.0,410547735565.0,321851873315.0,7089186796960.0,15.689129332960858,CFS
삼성전기,009150,2022,2,2022Q2,2022-06-30,-161158805377.0,-50459355065.0,-39078863812.0,7420402727436.0,31.310330792636528,CFS
삼성전기,009150,2022,3,2022Q3,2022-09-30,-71856850771.0,-49123398064.0,-14561566507.0,7832713764536.0,68.36285968132802,CFS
삼성전기,009150,2022,4,2022Q4,2022-12-31,7040801948137.0,871870941835.0,725307739174.0,7693484679285.0,12.383119824378777,CFS
삼성전기,009150,2023,1,2023Q1,2023-03-31,2021762829146.0,140057618237.0,118078700753.0,7756573443277.0,6.927499913338542,CFS
삼성전기,009150,2023,2,2023Q2,2023-06-30,198759950324.0,64902776162.0,1369747080.0,7806817130296.0,32.65385006194735,CFS
삼성전기,009150,2023,3,2023Q3,2023-09-30,140417801308.0,-20967134556.0,45456417777.0,8063304233996.0,-14.931963298591716,CFS
삼성전기,009150,2023,4,2023Q4,2023-12-31,6548507903137.0,455430477277.0,285577259563.0,8030324975448.0,6.954721350474821,CFS
삼성전기,009150,2024,1,2024Q1,2024-03-31,2624288611066.0,180317078816.0,186450941838.0,8217258707660.0,6.871084150411118,CFS
삼성전기,009150,2024,2,2024Q2,2024-06-30,-44156138373.0,27783208710.0,-5074801777.0,8483041838336.0,-62.920376948063236,CFS
삼성전기,009150,2024,3,2024Q3,2024-09-30,35184727074.0,16775138370.0,-57170501622.0,8563954363790.0,47.677329810513456,CFS
삼성전기,009150,2024,4,2024Q4,2024-12-31,7678785776668.0,510130431099.0,579009998643.0,9015854031770.0,6.643373652238509,CFS
삼성전기,009150,2025,1,2025Q1,2025-03-31,2738649099826.0,200549840807.0,141602249084.0,9047891195336.0,7.322947683211475,CFS
삼성전기,009150,2025,2,2025Q2,2025-06-30,45980032303.0,12458312742.0,-4366351709.0,9015420339369.0,27.09504999888212,CFS
삼성전기,009150,2025,3,2025Q3,2025-09-30,104406624546.0,47269119166.0,87615886968.0,9425735078673.0,45.27406126914288,CFS
삼성전기,009150,2025,4,2025Q4,2025-12-31,8425423481425.0,653053905842.0,506137732875.0,9797343882863.0,7.750992069202773,CFS
삼성전기,009150,2026,1,2026Q1,2026-03-31,3209113412582.0,280572751176.0,252687583556.0,10091093028695.0,8.742998925371595,CFS
미창석유,003650,2017,1,2017Q1,2017-03-31,74025324602.0,3761303730.0,2531466486.0,242484351306.0,5.081104000857536,OFS
미창석유,003650,2017,2,2017Q2,2017-06-30,-5906214099.0,-41492407.0,732414921.0,244906335926.0,0.7025212141738176,OFS
미창석유,003650,2017,3,2017Q3,2017-09-30,1237045685.0,-510501659.0,628971596.0,247400103545.0,-41.2678096848137,OFS
미창석유,003650,2017,4,2017Q4,2017-12-31,212524859552.0,10385782016.0,8581970044.0,247926169039.0,4.886855136802872,OFS
미창석유,003650,2018,1,2018Q1,2018-03-31,71922126690.0,2533954145.0,2641357757.0,246746140498.0,3.5231913482229094,OFS
미창석유,003650,2018,2,2018Q2,2018-06-30,-2301290092.0,-594686908.0,-292598628.0,247535068723.0,25.841457800879457,OFS
미창석유,003650,2018,3,2018Q3,2018-09-30,385996444.0,1080713616.0,1088299750.0,249024510106.0,279.98020002484793,OFS
미창석유,003650,2018,4,2018Q4,2018-12-31,220804780792.0,9575721441.0,7285134484.0,250058031288.0,4.336736463156752,OFS
미창석유,003650,2019,1,2019Q1,2019-03-31,70445160534.0,4343122524.0,5727401466.0,252577582120.0,6.1652532140995175,OFS
미창석유,003650,2019,2,2019Q2,2019-06-30,-1520377307.0,124526900.0,-1242734899.0,255417584499.0,-8.190526090245044,OFS
미창석유,003650,2019,3,2019Q3,2019-09-30,-2529595354.0,-880015149.0,-959647104.0,257038166695.0,34.788771556227324,CFS
미창석유,003650,2019,4,2019Q4,2019-12-31,227130910412.0,13892324571.0,14200840440.0,257948506696.0,6.1164394338931105,CFS
미창석유,003650,2020,1,2020Q1,2020-03-31,70798186937.0,5100574122.0,1248633344.0,254346101819.0,7.204385228874241,CFS
미창석유,003650,2020,2,2020Q2,2020-06-30,-19753374251.0,482837805.0,9004242006.0,265004001726.0,-2.444330770352092,CFS
미창석유,003650,2020,3,2020Q3,2020-09-30,4570908550.0,-1193517369.0,-6388601698.0,268819517672.0,-26.111162714029795,CFS
미창석유,003650,2020,4,2020Q4,2020-12-31,190269823481.0,14328798359.0,15814592565.0,277127438819.0,7.530778184818597,CFS
미창석유,003650,2021,1,2021Q1,2021-03-31,90783857119.0,6314765102.0,6326882241.0,279536559578.0,6.95582375809674,CFS
미창석유,003650,2021,2,2021Q2,2021-06-30,3965454910.0,1805279702.0,4015727149.0,288546129825.0,45.525160239433916,CFS
미창석유,003650,2021,3,2021Q3,2021-09-30,-11429279985.0,1576351916.0,-3465005926.0,293805075607.0,-13.79222416520405,CFS
미창석유,003650,2021,4,2021Q4,2021-12-31,273099360995.0,25753821615.0,26260835418.0,301981928754.0,9.4302020777967,CFS
미창석유,003650,2022,1,2022Q1,2022-03-31,102503179947.0,11799101548.0,7562480619.0,305448670923.0,11.510961468805952,CFS
미창석유,003650,2022,2,2022Q2,2022-06-30,-11522089634.0,-1708027725.0,-4878397331.0,307501481561.0,14.823940615423266,CFS
미창석유,003650,2022,3,2022Q3,2022-09-30,-3132622510.0,-1087620008.0,1846518686.0,311908975953.0,34.71915318644633,CFS
미창석유,003650,2022,4,2022Q4,2022-12-31,273054360015.0,35001090093.0,18852492984.0,321144706992.0,12.818359718217737,CFS
미창석유,003650,2023,1,2023Q1,2023-03-31,107665024897.0,12783273549.0,14934343499.0,332117487131.0,11.873190538180237,CFS
미창석유,003650,2023,2,2023Q2,2023-06-30,-19553502839.0,1647217955.0,717854974.0,347861273168.0,-8.424157904406664,CFS
미창석유,003650,2023,3,2023Q3,2023-09-30,-7544233448.0,-4318219206.0,-11191543490.0,351995517069.0,57.23867422401641,CFS
미창석유,003650,2023,4,2023Q4,2023-12-31,266851248022.0,37877607718.0,43185383286.0,364859820231.0,14.19427789780367,CFS
미창석유,003650,2024,1,2024Q1,2024-03-31,86818804313.0,12957196520.0,16836062280.0,377389293802.0,14.924412542341159,CFS
미창석유,003650,2024,2,2024Q2,2024-06-30,15233810977.0,-1074649170.0,12521657571.0,406605657967.0,-7.054368546534448,CFS
미창석유,003650,2024,3,2024Q3,2024-09-30,-13778603571.0,-2567870867.0,-23828458031.0,411859534065.0,18.636655403923733,OFS
미창석유,003650,2024,4,2024Q4,2024-12-31,284097531125.0,36324524815.0,47096157318.0,412505084328.0,12.785934700367946,OFS
미창석유,003650,2025,1,2025Q1,2025-03-31,86802928883.0,10933258788.0,3116869295.0,411340623298.0,12.595495254240477,OFS
미창석유,003650,2025,2,2025Q2,2025-06-30,5469039846.0,-2380380984.0,35853171622.0,450947977467.0,-43.52465973969794,OFS
미창석유,003650,2025,3,2025Q3,2025-09-30,2727302397.0,-787532824.0,-32112108704.0,458034180803.0,-28.87588940875338,OFS
미창석유,003650,2025,4,2025Q4,2025-12-31,310487383733.0,26787019443.0,62008110154.0,479410729146.0,8.627409951714878,OFS
미창석유,003650,2026,1,2026Q1,2026-03-31,101100543797.0,13724165859.0,16942436545.0,491476165639.0,13.574769574490897,OFS
에프에스티,036810,2017,1,2017Q1,2017-03-31,43643680494.0,2945361651.0,1745844258.0,59999801360.0,6.748655515899764,CFS
에프에스티,036810,2017,2,2017Q2,2017-06-30,9975980798.0,909016284.0,1077286876.0,62818929570.0,9.112049255169387,CFS
에프에스티,036810,2017,3,2017Q3,2017-09-30,-4614454696.0,136340506.0,210182211.0,76494332047.0,-2.9546396049393566,CFS
에프에스티,036810,2017,4,2017Q4,2017-12-31,142690003451.0,9145920451.0,6721775404.0,79582518922.0,6.409643443691363,CFS
에프에스티,036810,2018,1,2018Q1,2018-03-31,54966524003.0,6728941324.0,3272773283.0,81739998256.0,12.241889852144814,CFS
에프에스티,036810,2018,2,2018Q2,2018-06-30,-14133843777.0,-774373177.0,3721450831.0,91018396318.0,5.478857621591497,CFS
에프에스티,036810,2018,3,2018Q3,2018-09-30,-4896125919.0,-1488658065.0,-3587662883.0,94353769388.0,30.404815758987837,CFS
에프에스티,036810,2018,4,2018Q4,2018-12-31,129117469858.0,15535570540.0,13540704833.0,95536412055.0,12.032121259102748,CFS
에프에스티,036810,2019,1,2019Q1,2019-03-31,30425823493.0,4972853841.0,5419660527.0,99398706745.0,16.34418816024517,CFS
에프에스티,036810,2019,2,2019Q2,2019-06-30,855523233.0,-266589477.0,-851673883.0,104694170680.0,-31.160986249919876,CFS
에프에스티,036810,2019,3,2019Q3,2019-09-30,-3028203894.0,-863295988.0,71854190.0,109329538695.0,28.50851588000765,CFS
에프에스티,036810,2019,4,2019Q4,2019-12-31,97476511099.0,15030265877.0,13639048758.0,113154369086.0,15.419372018490506,CFS
에프에스티,036810,2020,1,2020Q1,2020-03-31,42700011337.0,7565528940.0,6754119597.0,118084852023.0,17.717861665868906,CFS
에프에스티,036810,2020,2,2020Q2,2020-06-30,703530628.0,1528998426.0,-493022313.0,124463223590.0,217.3321764749096,CFS
에프에스티,036810,2020,3,2020Q3,2020-09-30,-8644840075.0,-3832266229.0,-1921379259.0,129613657526.0,44.33009975606749,CFS
에프에스티,036810,2020,4,2020Q4,2020-12-31,131399140828.0,19579509702.0,14347471141.0,133875555534.0,14.900789745367787,CFS
에프에스티,036810,2021,1,2021Q1,2021-03-31,51396035596.0,8875429344.0,18004003859.0,195507906094.0,17.268704173538918,CFS
에프에스티,036810,2021,2,2021Q2,2021-06-30,7879598510.0,1456610662.0,-9532045367.0,206821393560.0,18.485848741549653,CFS
에프에스티,036810,2021,3,2021Q3,2021-09-30,-10776379942.0,-5687387999.0,-5278621926.0,210743110945.0,52.77642426872777,CFS
에프에스티,036810,2021,4,2021Q4,2021-12-31,165159010843.0,17991786447.0,25022646705.0,208693645181.0,10.893614798954552,CFS
에프에스티,036810,2022,1,2022Q1,2022-03-31,44065589774.0,1263763959.0,30510782.0,205557370206.0,2.867915680878185,CFS
에프에스티,036810,2022,2,2022Q2,2022-06-30,10403165107.0,-1352196095.0,-2041838040.0,202347455503.0,-12.997929775142614,CFS
에프에스티,036810,2022,3,2022Q3,2022-09-30,4600702727.0,5271271657.0,8424089487.0,208924630448.0,114.57535880474634,CFS
에프에스티,036810,2022,4,2022Q4,2022-12-31,164324049175.0,997331597.0,34426596329.0,245753464315.0,0.6069297841716843,CFS
에프에스티,036810,2023,1,2023Q1,2023-03-31,47049668907.0,-2147854441.0,-4911678976.0,239495746835.0,-4.565078758036583,CFS
에프에스티,036810,2023,2,2023Q2,2023-06-30,7191680168.0,3377469520.0,636195291.0,240142419534.0,46.96356680360093,CFS
에프에스티,036810,2023,3,2023Q3,2023-09-30,1042215245.0,447766187.0,4105078683.0,242694716137.0,42.96292816173496,CFS
에프에스티,036810,2023,4,2023Q4,2023-12-31,142325054942.0,-12459784161.0,-17932997113.0,239774504268.0,-8.754455893993917,CFS
에프에스티,036810,2024,1,2024Q1,2024-03-31,49614048789.0,-2979541575.0,-8165553864.0,231699999108.0,-6.005439281263815,CFS
에프에스티,036810,2024,2,2024Q2,2024-06-30,1650566804.0,3636343105.0,7495374304.0,239606550618.0,220.30875067810948,CFS
에프에스티,036810,2024,3,2024Q3,2024-09-30,7186020194.0,-359723198.0,-844503638.0,235225064264.0,-5.0058751337820135,CFS
에프에스티,036810,2024,4,2024Q4,2024-12-31,178957814755.0,1990193468.0,-122990991.0,244135781322.0,1.1121020172964506,CFS
에프에스티,036810,2025,1,2025Q1,2025-03-31,68494438290.0,2754422354.0,-234694344.0,244836339513.0,4.021381038761125,CFS
에프에스티,036810,2025,2,2025Q2,2025-06-30,7504707108.0,-1024411636.0,-3374005014.0,240355505818.0,-13.650254716909332,CFS
에프에스티,036810,2025,3,2025Q3,2025-09-30,-10499156488.0,-3602330267.0,-3157027096.0,236307547258.0,34.310663633952686,CFS
에프에스티,036810,2025,4,2025Q4,2025-12-31,130388608746.0,1325792580.0,-7563992839.0,242315300541.0,1.0168009251350127,CFS
에프에스티,036810,2026,1,2026Q1,2026-03-31,46578280394.0,1420764575.0,-2819478953.0,264415571363.0,3.0502727086142416,CFS
한국카본,017960,2017,1,2017Q1,2017-03-31,50828856892.0,4284012934.0,7435074860.0,316989933521.0,8.428308634015858,CFS
한국카본,017960,2017,2,2017Q2,2017-06-30,-1982631591.0,1325922078.0,-2797851813.0,321933817024.0,-66.87687637072459,CFS
한국카본,017960,2017,3,2017Q3,2017-09-30,8645363253.0,-6294815181.0,-4410645756.0,322256269090.0,-72.81145970142614,CFS
한국카본,017960,2017,4,2017Q4,2017-12-31,154458742325.0,5559927007.0,517557045.0,310322185409.0,3.5996194992325115,CFS
한국카본,017960,2018,1,2018Q1,2018-03-31,48738475488.0,-832148088.0,219871073.0,306371402785.0,-1.7073740605712726,CFS
한국카본,017960,2018,2,2018Q2,2018-06-30,7816077517.0,1196406184.0,-487740536.0,306681164023.0,15.306989745147892,CFS
한국카본,017960,2018,3,2018Q3,2018-09-30,-15202611974.0,574105658.0,1564377541.0,307799205502.0,-3.77636197636205,CFS
한국카본,017960,2018,4,2018Q4,2018-12-31,159679647207.0,5235314061.0,-4275160434.0,303701654885.0,3.278635788951377,CFS
한국카본,017960,2019,1,2019Q1,2019-03-31,35800116479.0,2375863932.0,1242830414.0,301639970128.0,6.636469837727088,CFS
한국카본,017960,2019,2,2019Q2,2019-06-30,20847175015.0,-446971379.0,337693675.0,302122229110.0,-2.144038118730208,CFS
한국카본,017960,2019,3,2019Q3,2019-09-30,1827274795.0,756084786.0,1416127810.0,301312454493.0,41.377727535501855,CFS
한국카본,017960,2019,4,2019Q4,2019-12-31,166095122830.0,22601689915.0,14705027756.0,312718544195.0,13.607678256834218,CFS
한국카본,017960,2020,1,2020Q1,2020-03-31,68192817262.0,12602851186.0,10124638867.0,318667609777.0,18.481200355133083,CFS
한국카본,017960,2020,2,2020Q2,2020-06-30,26038890412.0,11859094447.0,8646781128.0,336421178485.0,45.54377801572815,CFS
한국카본,017960,2020,3,2020Q3,2020-09-30,-3230103891.0,1425314282.0,241664403.0,371977921357.0,-44.125957866907505,CFS
한국카본,017960,2020,4,2020Q4,2020-12-31,216173582742.0,49840429585.0,38366401739.0,380530832369.0,23.05574481063388,CFS
한국카본,017960,2021,1,2021Q1,2021-03-31,83941322464.0,9007635050.0,7364212006.0,380675076816.0,10.730871024653101,CFS
한국카본,017960,2021,2,2021Q2,2021-06-30,4859774062.0,2663439876.0,1519106707.0,389151299023.0,54.80583751467415,CFS
한국카본,017960,2021,3,2021Q3,2021-09-30,-25306966159.0,-2894624957.0,-2091408782.0,397019176370.0,11.438055983532324,CFS
한국카본,017960,2021,4,2021Q4,2021-12-31,243483380396.0,23955905578.0,7556699907.0,388999341751.0,9.838825770793164,CFS
한국카본,017960,2022,1,2022Q1,2022-03-31,66986066491.0,4283375102.0,3109248195.0,385558643117.0,6.394426970234919,CFS
한국카본,017960,2022,2,2022Q2,2022-06-30,-5151214516.0,-1791731456.0,5828282680.0,397124569098.0,34.782699311682094,CFS
한국카본,017960,2022,3,2022Q3,2022-09-30,31833037312.0,9493120580.0,-9785344796.0,400193141316.0,29.821598507728346,CFS
한국카본,017960,2022,4,2022Q4,2022-12-31,219529670782.0,12813294841.0,21108685182.0,404167834363.0,5.836702982042009,CFS
한국카본,017960,2023,1,2023Q1,2023-03-31,89138153898.0,3737910746.0,-1938436163.0,397771175918.0,4.193390352550108,CFS
한국카본,017960,2023,2,2023Q2,2023-06-30,26890608679.0,4156654141.0,8859284060.0,404724353162.0,15.457642445431535,CFS
한국카본,017960,2023,3,2023Q3,2023-09-30,23227077121.0,-3280261433.0,-7981084533.0,476312890495.0,-14.12257519924562,CFS
한국카본,017960,2023,4,2023Q4,2023-12-31,392007496602.0,11851421060.0,-12389191500.0,454654105515.0,3.0232638821273845,CFS
한국카본,017960,2024,1,2024Q1,2024-03-31,161818116081.0,2608020708.0,20136497.0,449280027159.0,1.6116988450752472,CFS
한국카본,017960,2024,2,2024Q2,2024-06-30,-1707514120.0,15171445596.0,8646056781.0,459231475600.0,-888.5106962395134,CFS
한국카본,017960,2024,3,2024Q3,2024-09-30,-15667044522.0,-10095343095.0,3602813987.0,470224384050.0,64.43680606654243,CFS
한국카본,017960,2024,4,2024Q4,2024-12-31,479714782737.0,-4842054255.0,8052344495.0,474286350797.0,-1.0093610681275627,CFS
한국카본,017960,2025,1,2025Q1,2025-03-31,174552625952.0,297338966.0,21855861863.0,488684964132.0,0.17034345050859612,CFS
한국카본,017960,2025,2,2025Q2,2025-06-30,5155861785.0,214930984.0,7501796870.0,525647074853.0,4.168672337674002,CFS
한국카본,017960,2025,3,2025Q3,2025-09-30,-7931919605.0,-66867992.0,-13695197749.0,540336379462.0,0.8430240765154603,CFS
한국카본,017960,2025,4,2025Q4,2025-12-31,524119387314.0,5888217997.0,86081076492.0,580170310439.0,1.1234497596388984,CFS
한국카본,017960,2026,1,2026Q1,2026-03-31,148676266010.0,401436561.0,15523068123.0,580592587498.0,0.2700071583537074,CFS
